id	is_DEG	is_upregulated	is_downregulated	is_key_gene	logFC
TFAP2D	FALSE	FALSE	FALSE	FALSE	0.372889323773163
ERCC1	FALSE	FALSE	FALSE	FALSE	0.020741551432427
GABARAPL2	FALSE	FALSE	FALSE	FALSE	-0.0371458821413446
HOXC8	FALSE	FALSE	FALSE	FALSE	0.450287543592518
GUCA1A	FALSE	FALSE	FALSE	FALSE	0.0694411147350733
UTS2	FALSE	FALSE	FALSE	FALSE	0.0202946714545478
GNA11	FALSE	FALSE	FALSE	FALSE	-0.05417503591298
KCNQ1	FALSE	FALSE	FALSE	FALSE	-0.163355454965938
PRLH	FALSE	FALSE	FALSE	FALSE	-0.184131806372278
EPHA8	FALSE	FALSE	FALSE	FALSE	0.312035743444892
VASH1	FALSE	FALSE	FALSE	FALSE	-0.133409519729408
DRD4	FALSE	FALSE	FALSE	FALSE	0.133463422890702
SCT	FALSE	FALSE	FALSE	FALSE	0.111048256472571
DMRT3	FALSE	FALSE	FALSE	FALSE	0.360932569813653
TFAP2C	FALSE	FALSE	FALSE	FALSE	0.148966980434055
DLL3	TRUE	TRUE	FALSE	FALSE	0.659129341559554
RGS17	FALSE	FALSE	FALSE	FALSE	0.279967847547418
TGM1	FALSE	FALSE	FALSE	FALSE	-0.163239557569737
CDC6	FALSE	FALSE	FALSE	FALSE	0.3846014089181
MAPK13	FALSE	FALSE	FALSE	FALSE	0.0337417900460304
EFNA2	TRUE	TRUE	FALSE	FALSE	0.588143478575609
MAPK12	FALSE	FALSE	FALSE	FALSE	0.0886578818069923
MMP11	TRUE	TRUE	FALSE	FALSE	0.516344572414545
MAPK1	FALSE	FALSE	FALSE	FALSE	-0.0106766548594175
LGALS2	FALSE	FALSE	FALSE	FALSE	-0.166151083961333
CENPM	FALSE	FALSE	FALSE	FALSE	0.273556148177262
MIOX	TRUE	TRUE	FALSE	FALSE	0.518003664593834
BIK	FALSE	FALSE	FALSE	FALSE	0.232047330319631
PVALB	FALSE	FALSE	FALSE	FALSE	-0.195172101154688
POLE2	FALSE	FALSE	FALSE	FALSE	0.27051767081911
BDKRB1	FALSE	FALSE	FALSE	FALSE	0.138758408029951
AURKA	FALSE	FALSE	FALSE	FALSE	0.290188821362777
MYBL2	FALSE	FALSE	FALSE	FALSE	0.457367139439103
PROKR2	FALSE	FALSE	FALSE	FALSE	-0.00247785687128932
OXT	FALSE	FALSE	FALSE	FALSE	0.137276122382087
SLC32A1	FALSE	FALSE	FALSE	FALSE	-0.0570033827027201
CST4	TRUE	TRUE	FALSE	FALSE	0.515157291056797
MLNR	FALSE	FALSE	FALSE	FALSE	0.0868372203955747
GABPB1	FALSE	FALSE	FALSE	FALSE	0.0391481934049231
OIP5	FALSE	FALSE	FALSE	FALSE	0.341404943063226
LGALS13	FALSE	FALSE	FALSE	FALSE	0.0179935466481993
FBL	FALSE	FALSE	FALSE	FALSE	0.079552265220892
CRX	FALSE	FALSE	FALSE	FALSE	0.0376679882642303
PIK3R2	FALSE	FALSE	FALSE	FALSE	0.166749238729592
TWISTNB	FALSE	FALSE	FALSE	FALSE	NA
NPVF	FALSE	FALSE	FALSE	FALSE	-0.0024483611819992
HOXA2	FALSE	FALSE	FALSE	FALSE	-0.159214473964977
LFNG	FALSE	FALSE	FALSE	FALSE	-0.00297414374904736
C5	FALSE	FALSE	FALSE	FALSE	-0.168701778573862
RASD1	FALSE	FALSE	FALSE	FALSE	-0.0448949192496286
KAT2A	FALSE	FALSE	FALSE	FALSE	0.145343576651764
RCVRN	FALSE	FALSE	FALSE	FALSE	-0.177609635883891
FOXN1	FALSE	FALSE	FALSE	FALSE	0.122740814495722
IBSP	TRUE	TRUE	FALSE	FALSE	0.559097753217643
GNRHR	FALSE	FALSE	FALSE	FALSE	0.119535260097036
SULT1E1	FALSE	FALSE	FALSE	FALSE	-0.11988254191186
GAR1	FALSE	FALSE	FALSE	FALSE	0.0492665442132303
PRR4	FALSE	FALSE	FALSE	FALSE	NA
RAD51AP1	FALSE	FALSE	FALSE	FALSE	0.273003085965763
GNB3	FALSE	FALSE	FALSE	FALSE	0.22909872424859
FBXO5	FALSE	FALSE	FALSE	FALSE	0.117605683197663
MAPK14	FALSE	FALSE	FALSE	FALSE	-0.000382152365975941
MDFI	FALSE	FALSE	FALSE	FALSE	0.138326331359365
ISL1	FALSE	FALSE	FALSE	FALSE	0.269528850645986
MLH1	FALSE	FALSE	FALSE	FALSE	-0.0218767786506957
RBP1	FALSE	FALSE	FALSE	FALSE	0.015086806847366
GNB4	FALSE	FALSE	FALSE	FALSE	-0.0493174829856295
TLX2	FALSE	FALSE	FALSE	FALSE	0.374012936998994
DLX2	FALSE	FALSE	FALSE	FALSE	0.385139988527873
ORC2	FALSE	FALSE	FALSE	FALSE	0.0613358079707256
KISS1R	TRUE	TRUE	FALSE	FALSE	0.612556013441422
BCL9	FALSE	FALSE	FALSE	FALSE	0.0819121377219032
OPRD1	FALSE	FALSE	FALSE	FALSE	0.00310367977939396
TTR	FALSE	FALSE	FALSE	FALSE	-0.160899815320827
MSX2	FALSE	FALSE	FALSE	FALSE	0.100457085412009
TBX2	FALSE	FALSE	FALSE	FALSE	-0.195238647893238
NCAPH	FALSE	FALSE	FALSE	FALSE	0.3711136331202
MND1	FALSE	FALSE	FALSE	FALSE	0.211145014454507
KALRN	FALSE	FALSE	FALSE	FALSE	-0.0740061733137392
GHSR	FALSE	FALSE	FALSE	FALSE	0.0161661186653657
PDE1B	FALSE	FALSE	FALSE	FALSE	-0.22446527041816
HOXC13	TRUE	TRUE	FALSE	FALSE	0.85143332442867
HOXC12	FALSE	FALSE	FALSE	FALSE	0.319256462792993
HOXC6	FALSE	FALSE	FALSE	FALSE	0.306924142516282
H4C6	FALSE	FALSE	FALSE	FALSE	0.0189920468149696
H1-1	FALSE	FALSE	FALSE	FALSE	0.0644008014650344
BMP4	FALSE	FALSE	FALSE	FALSE	-0.106985058077249
SOX9	FALSE	FALSE	FALSE	FALSE	0.079017677804905
CDC25B	FALSE	FALSE	FALSE	FALSE	0.0401377715279256
GNRH2	FALSE	FALSE	FALSE	FALSE	0.0998161093539425
FNTB	FALSE	FALSE	FALSE	FALSE	0.0356078427576083
SLURP1	FALSE	FALSE	FALSE	FALSE	0.229433593509479
STATH	FALSE	FALSE	FALSE	FALSE	0.0851673170910283
DLGAP5	FALSE	FALSE	FALSE	FALSE	0.449908034129061
F2RL3	FALSE	FALSE	FALSE	FALSE	-0.208556458083086
GNG13	FALSE	FALSE	FALSE	FALSE	0.18965895292784
GNG11	FALSE	FALSE	FALSE	FALSE	-0.23420454449808
GNGT1	TRUE	TRUE	FALSE	FALSE	0.745253407241018
MCHR1	FALSE	FALSE	FALSE	FALSE	0.216319277829741
GALR3	FALSE	FALSE	FALSE	FALSE	0.159991105490309
OPN1SW	FALSE	FALSE	FALSE	FALSE	0.0438680171153809
HOXD9	FALSE	FALSE	FALSE	FALSE	0.114865171239255
E2F8	FALSE	FALSE	FALSE	FALSE	0.397412985697322
PIMREG	FALSE	FALSE	FALSE	FALSE	0.439287395269263
BCL2L2	FALSE	FALSE	FALSE	FALSE	-0.0680486261704756
FOXA1	FALSE	FALSE	FALSE	FALSE	0.0564245578298932
CHRNA10	FALSE	FALSE	FALSE	FALSE	-0.131696012292952
CNGB1	FALSE	FALSE	FALSE	FALSE	0.198585582251131
NCAPG	FALSE	FALSE	FALSE	FALSE	0.390986220071592
KRTAP9-8	FALSE	FALSE	FALSE	FALSE	0.00067808056563079
RPA1	FALSE	FALSE	FALSE	FALSE	0.0309182789282074
H3-3B	FALSE	FALSE	FALSE	FALSE	-0.0109373351897686
TERF2	FALSE	FALSE	FALSE	FALSE	0.00936434892237781
SSTR4	TRUE	FALSE	TRUE	FALSE	-0.546879878392836
NMUR2	FALSE	FALSE	FALSE	FALSE	-0.267797301036313
CCNA1	FALSE	FALSE	FALSE	FALSE	-0.0875163566477628
NTS	FALSE	FALSE	FALSE	FALSE	0.0607246461714395
KRAS	FALSE	FALSE	FALSE	FALSE	0.0431122959125849
CCNB1	FALSE	FALSE	FALSE	FALSE	0.313508761730692
GRP	FALSE	FALSE	FALSE	FALSE	-0.166019506127401
SPX	FALSE	FALSE	FALSE	FALSE	-0.364686154451086
TBX3	FALSE	FALSE	FALSE	FALSE	-0.169440064033125
HRK	FALSE	FALSE	FALSE	FALSE	-0.0696697052797344
ORC3	FALSE	FALSE	FALSE	FALSE	0.0199052992963882
NAT10	FALSE	FALSE	FALSE	FALSE	0.0686994254052467
CDK4	FALSE	FALSE	FALSE	FALSE	0.0938843487831429
TROAP	FALSE	FALSE	FALSE	FALSE	0.483221320151751
ESPL1	FALSE	FALSE	FALSE	FALSE	0.36500442151566
NMBR	FALSE	FALSE	FALSE	FALSE	-0.252010622430063
EMX1	FALSE	FALSE	FALSE	FALSE	0.401432534783084
SPDYE1	FALSE	FALSE	FALSE	FALSE	0.0601012405067154
IL36G	TRUE	TRUE	FALSE	FALSE	0.635291287819622
IL36RN	TRUE	TRUE	FALSE	FALSE	0.731587162164995
GABBR2	FALSE	FALSE	FALSE	FALSE	-0.0361449595579471
PDCL	FALSE	FALSE	FALSE	FALSE	-0.0291031328864726
POU5F1	FALSE	FALSE	FALSE	FALSE	0.029393847668425
KIF23	FALSE	FALSE	FALSE	FALSE	0.309804424414481
PLCB2	FALSE	FALSE	FALSE	FALSE	-0.108873453107043
ADAM10	FALSE	FALSE	FALSE	FALSE	-0.0139426900822812
SIX3	FALSE	FALSE	FALSE	FALSE	0.0524987369225567
KIF11	FALSE	FALSE	FALSE	FALSE	0.305060358793415
GPR87	TRUE	TRUE	FALSE	FALSE	0.509253563861768
GUCA1C	FALSE	FALSE	FALSE	FALSE	0.0462349520838923
CCND2	FALSE	FALSE	FALSE	FALSE	-0.115405920375086
NDC80	FALSE	FALSE	FALSE	FALSE	0.381874005418539
LHX5	TRUE	TRUE	FALSE	FALSE	0.520545574077453
CHRNB4	TRUE	TRUE	FALSE	FALSE	0.586115869515299
GNB5	FALSE	FALSE	FALSE	FALSE	0.044298219371254
HCN4	FALSE	FALSE	FALSE	FALSE	-0.214894539907585
VSX2	FALSE	FALSE	FALSE	FALSE	-0.0876586671125805
VIPR2	FALSE	FALSE	FALSE	FALSE	-0.191298186079172
RGS9	FALSE	FALSE	FALSE	FALSE	-0.066706727697035
INVS	FALSE	FALSE	FALSE	FALSE	-0.0019026904737256
CHST8	FALSE	FALSE	FALSE	FALSE	-0.0994454566473495
CCNE1	FALSE	FALSE	FALSE	FALSE	0.377901853949116
AJUBA	FALSE	FALSE	FALSE	FALSE	-0.00536450269864464
PIK3R3	FALSE	FALSE	FALSE	FALSE	-0.0812316166502676
KCNQ4	FALSE	FALSE	FALSE	FALSE	-0.0394873767129749
MAPK3	FALSE	FALSE	FALSE	FALSE	-0.0630860703359151
SLC17A6	FALSE	FALSE	FALSE	FALSE	-0.0143950660882721
KIF18A	FALSE	FALSE	FALSE	FALSE	0.183277332221445
ITPKC	FALSE	FALSE	FALSE	FALSE	-0.0499932110317598
LCN1	FALSE	FALSE	FALSE	FALSE	-0.0163796161426815
BARHL1	FALSE	FALSE	FALSE	FALSE	0.00492123973392644
SGO1	FALSE	FALSE	FALSE	FALSE	0.456747782577317
STRN	FALSE	FALSE	FALSE	FALSE	0.00938858314576319
PIK3CA	FALSE	FALSE	FALSE	FALSE	0.0156895748667027
NMU	TRUE	TRUE	FALSE	FALSE	0.569955068753859
IL1RL2	FALSE	FALSE	FALSE	FALSE	0.2472625005986
GABRA4	FALSE	FALSE	FALSE	FALSE	-0.412868759366559
NEIL3	TRUE	TRUE	FALSE	FALSE	0.526589724029306
HDAC4	FALSE	FALSE	FALSE	FALSE	-0.0222643490318681
WNT5A	FALSE	FALSE	FALSE	FALSE	0.0471324595010145
FGF10	TRUE	FALSE	TRUE	FALSE	-0.568522034664058
KCNN2	FALSE	FALSE	FALSE	FALSE	-0.154965954826345
GRK7	FALSE	FALSE	FALSE	FALSE	0.177455994078244
DEPDC1B	FALSE	FALSE	FALSE	FALSE	0.459987523824705
RASGRF2	FALSE	FALSE	FALSE	FALSE	-0.0379171038530233
CENPE	FALSE	FALSE	FALSE	FALSE	0.304746748150958
LEF1	FALSE	FALSE	FALSE	FALSE	0.107862470679304
EGF	FALSE	FALSE	FALSE	FALSE	0.102541076811213
CALB1	FALSE	FALSE	FALSE	FALSE	0.176144722100722
GAL	TRUE	TRUE	FALSE	FALSE	0.613194386486599
SRI	FALSE	FALSE	FALSE	FALSE	-0.00661208166238136
DAXX	FALSE	FALSE	FALSE	FALSE	0.0244907886438694
CACNA1C	FALSE	FALSE	FALSE	FALSE	-0.136600395560582
B4GALNT3	FALSE	FALSE	FALSE	FALSE	0.0404974422306026
PDE6H	FALSE	FALSE	FALSE	FALSE	-0.040626641314871
ASCL1	FALSE	FALSE	FALSE	FALSE	0.0011359117849592
CDK2	FALSE	FALSE	FALSE	FALSE	0.0661957347151736
NPFF	FALSE	FALSE	FALSE	FALSE	-0.00767757662876312
KRT71	FALSE	FALSE	FALSE	FALSE	0.0430474677682691
ZIC5	TRUE	TRUE	FALSE	FALSE	0.583062051827668
SSTR1	FALSE	FALSE	FALSE	FALSE	-0.484168967696519
TINF2	FALSE	FALSE	FALSE	FALSE	-0.0441235823396706
TP53	FALSE	FALSE	FALSE	FALSE	0.0337344680758616
KRT10	FALSE	FALSE	FALSE	FALSE	0.104362249795737
CYP4F22	FALSE	FALSE	FALSE	FALSE	-0.142799991539968
SSBP4	FALSE	FALSE	FALSE	FALSE	-0.010739205869009
PLK4	FALSE	FALSE	FALSE	FALSE	0.240664185567913
PROK1	FALSE	FALSE	FALSE	FALSE	-0.0309296401332517
NUF2	FALSE	FALSE	FALSE	FALSE	0.452936053727161
LEFTY1	FALSE	FALSE	FALSE	FALSE	-0.0693479931425207
ABCA12	TRUE	TRUE	FALSE	FALSE	0.6587855917604
UCN2	TRUE	TRUE	FALSE	FALSE	0.572493154245706
CENPC	FALSE	FALSE	FALSE	FALSE	-0.0162715340372008
CRHBP	FALSE	FALSE	FALSE	FALSE	-0.240355785193982
SPATA9	FALSE	FALSE	FALSE	FALSE	0.0271654860506079
GABRA6	FALSE	FALSE	FALSE	FALSE	0.0380941489905622
GABRB2	FALSE	FALSE	FALSE	FALSE	-0.289706633125214
H2BC1	FALSE	FALSE	FALSE	FALSE	0.0593916516998783
EGFR	FALSE	FALSE	FALSE	FALSE	0.0207398913448529
CDCA5	FALSE	FALSE	FALSE	FALSE	0.357545803034926
CHRNA6	FALSE	FALSE	FALSE	FALSE	0.291152967465639
GNRH1	FALSE	FALSE	FALSE	FALSE	-0.0167901952319038
CRH	FALSE	FALSE	FALSE	FALSE	-0.313887784283983
TERF1	FALSE	FALSE	FALSE	FALSE	0.0250746248659208
NTRK2	FALSE	FALSE	FALSE	FALSE	-0.0848623669390864
OR1K1	FALSE	FALSE	FALSE	FALSE	-0.00804455950558935
POU4F2	FALSE	FALSE	FALSE	FALSE	0.0211146316270385
CENPU	FALSE	FALSE	FALSE	FALSE	0.278155101677942
MCHR2	FALSE	FALSE	FALSE	FALSE	0.197652885375019
CYSLTR2	FALSE	FALSE	FALSE	FALSE	-0.13529805960936
SPC25	FALSE	FALSE	FALSE	FALSE	0.335763619828247
TCF7L1	FALSE	FALSE	FALSE	FALSE	-0.0585899929692157
GJA1	FALSE	FALSE	FALSE	FALSE	-0.0605284618571647
HHEX	FALSE	FALSE	FALSE	FALSE	-0.0803321538391044
ZIC1	FALSE	FALSE	FALSE	FALSE	0.262647267345741
FEZF2	FALSE	FALSE	FALSE	FALSE	0.065892807391347
NRGN	FALSE	FALSE	FALSE	FALSE	-0.265995016216981
DISP1	FALSE	FALSE	FALSE	FALSE	-0.102820799273042
SKA1	FALSE	FALSE	FALSE	FALSE	0.426863820613241
LSM11	FALSE	FALSE	FALSE	FALSE	0.0163319531792068
ADCY8	TRUE	FALSE	TRUE	FALSE	-0.72202573018412
GNAQ	FALSE	FALSE	FALSE	FALSE	-0.112785082317129
ZIC3	FALSE	FALSE	FALSE	FALSE	0.134989108471678
BUB1B	FALSE	FALSE	FALSE	FALSE	0.4379054565256
CACNA1D	FALSE	FALSE	FALSE	FALSE	-0.218126408046719
CCNB2	FALSE	FALSE	FALSE	FALSE	0.368623470080169
GRHL3	TRUE	TRUE	FALSE	FALSE	0.556426494719307
H2BC5	FALSE	FALSE	FALSE	FALSE	0.215103594719693
CHRNB3	FALSE	FALSE	FALSE	FALSE	0.0487403785417611
SIM2	TRUE	TRUE	FALSE	FALSE	0.708483328720015
NPTN	FALSE	FALSE	FALSE	FALSE	-0.0104087987355896
IRX6	FALSE	FALSE	FALSE	FALSE	-0.159539160122089
PGLYRP3	TRUE	TRUE	FALSE	FALSE	0.686686651000912
ISL2	FALSE	FALSE	FALSE	FALSE	0.280902086169522
KIAA0895L	FALSE	FALSE	FALSE	FALSE	NA
AGRP	TRUE	FALSE	TRUE	FALSE	-0.603456882612789
CSTB	FALSE	FALSE	FALSE	FALSE	0.0339950992437856
FGFR4	FALSE	FALSE	FALSE	FALSE	-0.328299725470792
PTGER1	FALSE	FALSE	FALSE	FALSE	-0.151751567967283
HCRT	FALSE	FALSE	FALSE	FALSE	0.00885373219499641
SDR9C7	FALSE	FALSE	FALSE	FALSE	0.302967068431359
C6orf136	FALSE	FALSE	FALSE	FALSE	0.0713319690697158
FGF11	TRUE	TRUE	FALSE	FALSE	0.502983867393488
SSTR5	FALSE	FALSE	FALSE	FALSE	0.22366019852562
ADCY9	FALSE	FALSE	FALSE	FALSE	-0.138956828259779
GNG3	FALSE	FALSE	FALSE	FALSE	0.204451737213762
NEUROD1	FALSE	FALSE	FALSE	FALSE	-0.022358405039939
GABRG1	FALSE	FALSE	FALSE	FALSE	-0.0442411148381936
GABRB1	FALSE	FALSE	FALSE	FALSE	-0.00525416391963685
CCKAR	FALSE	FALSE	FALSE	FALSE	0.0360950259791695
PROK2	FALSE	FALSE	FALSE	FALSE	-0.357393031816699
UCN	FALSE	FALSE	FALSE	FALSE	0.0770496310245994
CAMK2N2	FALSE	FALSE	FALSE	FALSE	0.380324382813167
RHO	FALSE	FALSE	FALSE	FALSE	0.029669354480399
H2AZ1	FALSE	FALSE	FALSE	FALSE	0.0832637093829849
MAD2L1	FALSE	FALSE	FALSE	FALSE	0.297135248512082
F2RL2	FALSE	FALSE	FALSE	FALSE	0.160427673673287
FOXQ1	FALSE	FALSE	FALSE	FALSE	0.0483461782813848
NPM1	FALSE	FALSE	FALSE	FALSE	0.0447729923840461
IL22RA2	TRUE	TRUE	FALSE	FALSE	0.518378455736498
SHH	FALSE	FALSE	FALSE	FALSE	-0.242813920435739
RGS20	FALSE	FALSE	FALSE	FALSE	0.377091244283863
ADCY1	FALSE	FALSE	FALSE	FALSE	-0.0395821057144694
ORC5	FALSE	FALSE	FALSE	FALSE	0.0994487757350342
MELK	FALSE	FALSE	FALSE	FALSE	0.443128028583117
PHOX2A	FALSE	FALSE	FALSE	FALSE	0.100084444255697
CHRNA5	FALSE	FALSE	FALSE	FALSE	0.409266818512086
GALR1	FALSE	FALSE	FALSE	FALSE	-0.123105837405252
CHRFAM7A	FALSE	FALSE	FALSE	FALSE	-0.0109481433964316
PCLAF	FALSE	FALSE	FALSE	FALSE	0.347956827371266
TERF2IP	FALSE	FALSE	FALSE	FALSE	-0.0327231375547505
PLK1	FALSE	FALSE	FALSE	FALSE	0.379128776295216
TPX2	FALSE	FALSE	FALSE	FALSE	0.39973391709174
GNG8	FALSE	FALSE	FALSE	FALSE	0.0415690068252186
KMT2D	FALSE	FALSE	FALSE	FALSE	-0.0145947405513693
GRIK5	FALSE	FALSE	FALSE	FALSE	0.0381996731718903
CGB5	FALSE	FALSE	FALSE	FALSE	0.145391123090928
BIRC5	FALSE	FALSE	FALSE	FALSE	0.428762655816111
KRT27	FALSE	FALSE	FALSE	FALSE	-0.47804026132431
PNOC	FALSE	FALSE	FALSE	FALSE	0.149169344088949
MGMT	FALSE	FALSE	FALSE	FALSE	-0.021222582624806
PRL	FALSE	FALSE	FALSE	FALSE	-0.207002468212454
GBX2	FALSE	FALSE	FALSE	FALSE	0.287921423931834
BUB1	FALSE	FALSE	FALSE	FALSE	0.303028423174718
ONECUT1	TRUE	TRUE	FALSE	FALSE	0.587979922919978
OTP	FALSE	FALSE	FALSE	FALSE	0.144602300645722
OR7G3	FALSE	FALSE	FALSE	FALSE	-0.00479959897133631
IL17D	FALSE	FALSE	FALSE	FALSE	-0.231781711856654
H2AC8	FALSE	FALSE	FALSE	FALSE	0.385540925471719
PTGDR	FALSE	FALSE	FALSE	FALSE	-0.166854617768207
TRH	FALSE	FALSE	FALSE	FALSE	-0.191573969959072
NTSR2	FALSE	FALSE	FALSE	FALSE	0.0930058283017239
PROKR1	FALSE	FALSE	FALSE	FALSE	0.155515420168649
SCG2	FALSE	FALSE	FALSE	FALSE	0.0711128066128799
CHRNB1	FALSE	FALSE	FALSE	FALSE	0.0468647153160093
GSX1	FALSE	FALSE	FALSE	FALSE	0.0048551419740428
ADORA2B	FALSE	FALSE	FALSE	FALSE	0.0673102974230719
SIX2	FALSE	FALSE	FALSE	FALSE	0.351358541219818
CKAP2L	FALSE	FALSE	FALSE	FALSE	0.411126674948506
GNB2	FALSE	FALSE	FALSE	FALSE	-0.00312583439791059
FEN1	FALSE	FALSE	FALSE	FALSE	0.176400413907826
CST1	TRUE	TRUE	FALSE	FALSE	0.832123161968849
NMUR1	FALSE	FALSE	FALSE	FALSE	-0.422168955118188
FOS	FALSE	FALSE	FALSE	FALSE	-0.163158432479647
ITPR1	FALSE	FALSE	FALSE	FALSE	-0.122684028675192
GPR37	FALSE	FALSE	FALSE	FALSE	0.146243752110825
SHCBP1	FALSE	FALSE	FALSE	FALSE	0.272219110865313
LDB2	FALSE	FALSE	FALSE	FALSE	-0.280419047829144
HOXC10	TRUE	TRUE	FALSE	FALSE	0.644723768712391
ARNT2	FALSE	FALSE	FALSE	FALSE	-0.107032505068112
CALB2	FALSE	FALSE	FALSE	FALSE	-0.100186351789104
CST2	FALSE	FALSE	FALSE	FALSE	0.256260645376585
EEF2	FALSE	FALSE	FALSE	FALSE	-0.00895912602929005
H2AZ2	FALSE	FALSE	FALSE	FALSE	0.00194054239702979
GABRB3	FALSE	FALSE	FALSE	FALSE	-0.140021913670039
GPR151	FALSE	FALSE	FALSE	FALSE	0.0454748421558371
CBY2	TRUE	TRUE	FALSE	FALSE	0.58180783977062
HOXC5	FALSE	FALSE	FALSE	FALSE	0.11267141366446
TERT	TRUE	TRUE	FALSE	FALSE	0.707836100740596
PRKACA	FALSE	FALSE	FALSE	FALSE	-0.0301475430078755
OR52W1	FALSE	FALSE	FALSE	FALSE	-0.00904486582381292
MIS18BP1	FALSE	FALSE	FALSE	FALSE	0.0132651953252712
TBX5	FALSE	FALSE	FALSE	FALSE	-0.205061534646634
PCP2	FALSE	FALSE	FALSE	FALSE	0.0526934052597223
B4GALT2	FALSE	FALSE	FALSE	FALSE	0.111885712320835
FANCI	FALSE	FALSE	FALSE	FALSE	0.223281415491468
CASP3	FALSE	FALSE	FALSE	FALSE	0.0719791124056153
ADCY6	FALSE	FALSE	FALSE	FALSE	-0.0603547453328197
NIPAL4	FALSE	FALSE	FALSE	FALSE	0.308322240934419
ADCY4	FALSE	FALSE	FALSE	FALSE	-0.218165342257028
KCNG4	FALSE	FALSE	FALSE	FALSE	0.000824326439055056
GRK2	FALSE	FALSE	FALSE	FALSE	0.0108614606722748
LEP	FALSE	FALSE	FALSE	FALSE	0.323305150293867
CHRNA9	FALSE	FALSE	FALSE	FALSE	0.156224975046316
HNF4A	FALSE	FALSE	FALSE	FALSE	-0.111877917623437
NETO1	TRUE	TRUE	FALSE	FALSE	0.619282366984044
PRKDC	FALSE	FALSE	FALSE	FALSE	0.0929488169358832
PHKB	FALSE	FALSE	FALSE	FALSE	-0.0181008636767448
CLPTM1L	FALSE	FALSE	FALSE	FALSE	0.0469437303168929
AURKB	FALSE	FALSE	FALSE	FALSE	0.440039491130465
BOK	FALSE	FALSE	FALSE	FALSE	-0.0720451724686262
ALOXE3	FALSE	FALSE	FALSE	FALSE	0.421319369430952
EDNRA	FALSE	FALSE	FALSE	FALSE	-0.123849003232102
CALML3	TRUE	TRUE	FALSE	FALSE	0.52431531351562
C5orf46	FALSE	FALSE	FALSE	FALSE	0.307556662190804
CHRNA3	FALSE	FALSE	FALSE	FALSE	-0.0111429048113667
TYMS	FALSE	FALSE	FALSE	FALSE	0.183794986702481
HTR1A	FALSE	FALSE	FALSE	FALSE	0.047187854522166
CNGB3	FALSE	FALSE	FALSE	FALSE	0.368632393635611
C3orf22	FALSE	FALSE	FALSE	FALSE	0.0279853565979646
NEUROG2	FALSE	FALSE	FALSE	FALSE	0.143703355694635
NEUROG1	FALSE	FALSE	FALSE	FALSE	0.0482097370932761
RUVBL1	FALSE	FALSE	FALSE	FALSE	0.100163173386754
PINX1	FALSE	FALSE	FALSE	FALSE	0.00768299320303445
C11orf16	FALSE	FALSE	FALSE	FALSE	-0.277794297905169
GSX2	FALSE	FALSE	FALSE	FALSE	0.0767716809351846
SKA3	FALSE	FALSE	FALSE	FALSE	0.431850331191532
SLURP2	FALSE	FALSE	FALSE	FALSE	0.0568778074665106
DYNC1I1	FALSE	FALSE	FALSE	FALSE	0.132940729773796
GHRHR	FALSE	FALSE	FALSE	FALSE	-0.221419187474197
AQP6	FALSE	FALSE	FALSE	FALSE	0.139987368122629
TUBB3	TRUE	TRUE	FALSE	FALSE	0.538770506290854
UGT2B17	FALSE	FALSE	FALSE	FALSE	0.0711586053443165
TAC1	FALSE	FALSE	FALSE	FALSE	-0.204380029061742
OR56B4	FALSE	FALSE	FALSE	FALSE	0.0833898077603585
CDC25C	TRUE	TRUE	FALSE	FALSE	0.510236233311192
H2BC4	FALSE	FALSE	FALSE	FALSE	0.105429841032368
FGF8	FALSE	FALSE	FALSE	FALSE	0.117072480322429
EBF1	FALSE	FALSE	FALSE	FALSE	-0.148116334193436
HTR1F	FALSE	FALSE	FALSE	FALSE	-0.209602951151727
SPAG5	FALSE	FALSE	FALSE	FALSE	0.322866092798596
FAM187B	FALSE	FALSE	FALSE	FALSE	-0.227027350052606
UTS2R	FALSE	FALSE	FALSE	FALSE	0.119534289037261
SOX2	FALSE	FALSE	FALSE	FALSE	0.320252270275917
TEX35	FALSE	FALSE	FALSE	FALSE	0.154118387181081
FOXJ1	FALSE	FALSE	FALSE	FALSE	-0.156250611740272
KIF15	FALSE	FALSE	FALSE	FALSE	0.327336592521372
WRAP53	FALSE	FALSE	FALSE	FALSE	0.0191688014168827
OR6T1	FALSE	FALSE	FALSE	FALSE	0.0375468332732805
HASPIN	FALSE	FALSE	FALSE	FALSE	0.30424569971285
NR2F1	FALSE	FALSE	FALSE	FALSE	-0.144883285730589
TACC3	FALSE	FALSE	FALSE	FALSE	0.157456331780146
VIPR1	FALSE	FALSE	FALSE	FALSE	-0.324589277169729
COL10A1	FALSE	FALSE	FALSE	FALSE	0.42950702744259
GPR39	FALSE	FALSE	FALSE	FALSE	-0.0838116556071826
GRIK1	FALSE	FALSE	FALSE	FALSE	-0.0468197794960954
SH2D7	FALSE	FALSE	FALSE	FALSE	-0.0813296770244456
PIF1	FALSE	FALSE	FALSE	FALSE	0.311701062037874
CDCA2	FALSE	FALSE	FALSE	FALSE	0.406494424801018
FFAR3	FALSE	FALSE	FALSE	FALSE	-0.147699308677241
KRTAP4-6	FALSE	FALSE	FALSE	FALSE	0.0178371697172772
B4GALNT4	TRUE	TRUE	FALSE	FALSE	0.599949788117395
PDE6G	FALSE	FALSE	FALSE	FALSE	-0.100991226691122
KRTAP4-8	FALSE	FALSE	FALSE	FALSE	0.0142271102338714
CNGA2	FALSE	FALSE	FALSE	FALSE	0.0108281964626236
H2AC14	FALSE	FALSE	FALSE	FALSE	0.292369923791564
SIX6	FALSE	FALSE	FALSE	FALSE	0.0969438365212931
TRAK2	FALSE	FALSE	FALSE	FALSE	-0.089464545097786
SCN5A	FALSE	FALSE	FALSE	FALSE	0.141165786448579
PRKCH	FALSE	FALSE	FALSE	FALSE	-0.0911843521968025
CLRN1	FALSE	FALSE	FALSE	FALSE	0.00437372544778203
POU3F2	FALSE	FALSE	FALSE	FALSE	0.389603625318536
PCP4	FALSE	FALSE	FALSE	FALSE	0.269574470068351
FAM187A	FALSE	FALSE	FALSE	FALSE	-0.00767757662876312
SPDYE4	FALSE	FALSE	FALSE	FALSE	-0.0505595867991859
SPDYE3	FALSE	FALSE	FALSE	FALSE	0.205551455486741
GALR2	FALSE	FALSE	FALSE	FALSE	0.216423156221579
SOX1	FALSE	FALSE	FALSE	FALSE	0.148618593334314
NPBWR1	FALSE	FALSE	FALSE	FALSE	0.252044640767924
OR52L1	FALSE	FALSE	FALSE	FALSE	0.0615181463903527
MAPK8IP2	FALSE	FALSE	FALSE	FALSE	0.100371865908398
KRTAP11-1	FALSE	FALSE	FALSE	FALSE	0.00361039456180334
C10orf120	FALSE	FALSE	FALSE	FALSE	0.0430253653023134
OLIG2	FALSE	FALSE	FALSE	FALSE	0.0877417307816355
PRKCD	FALSE	FALSE	FALSE	FALSE	-0.0671160774887847
IRX3	FALSE	FALSE	FALSE	FALSE	-0.0629567945533056
TBX1	FALSE	FALSE	FALSE	FALSE	0.0805544796824087
H2AC20	FALSE	FALSE	FALSE	FALSE	0.190100815478303
PMCH	FALSE	FALSE	FALSE	FALSE	-0.00575129190897128
RARB	FALSE	FALSE	FALSE	FALSE	-0.0308013032966077
BRICD5	FALSE	FALSE	FALSE	FALSE	0.070219426469297
GRIN2A	FALSE	FALSE	FALSE	FALSE	-0.146574005877911
NPY2R	FALSE	FALSE	FALSE	FALSE	-0.0635189312356443
NPB	FALSE	FALSE	FALSE	FALSE	-0.00767757662876312
H3C13	FALSE	FALSE	FALSE	FALSE	0.149590082073673
NXPH4	TRUE	TRUE	FALSE	FALSE	0.560571058457636
EYA2	FALSE	FALSE	FALSE	FALSE	0.154860515260004
MAPK11	FALSE	FALSE	FALSE	FALSE	-0.0327041794362621
KRTAP22-1	FALSE	FALSE	FALSE	FALSE	-0.0049398235445568
KRTAP17-1	FALSE	FALSE	FALSE	FALSE	0.0709335257221682
HAP1	FALSE	FALSE	FALSE	FALSE	0.266557329405023
UGT2B28	FALSE	FALSE	FALSE	FALSE	0.184095768841328
GNG2	FALSE	FALSE	FALSE	FALSE	-0.127422743588757
FOXE3	FALSE	FALSE	FALSE	FALSE	0.276569796579016
KRTAP6-2	FALSE	FALSE	FALSE	FALSE	-0.00676197894732811
LCE3C	FALSE	FALSE	FALSE	FALSE	0.0283795814350261
ERCC6L	FALSE	FALSE	FALSE	FALSE	0.425616805296782
LCE1A	FALSE	FALSE	FALSE	FALSE	0.0162824183005057
GRK1	FALSE	FALSE	FALSE	FALSE	-0.0808709063078963
KRTAP9-4	FALSE	FALSE	FALSE	FALSE	0.00898370439628593
GHRL	FALSE	FALSE	FALSE	FALSE	-0.106494295137575
HSP90AA1	FALSE	FALSE	FALSE	FALSE	0.0255672283852828
LCE3B	FALSE	FALSE	FALSE	FALSE	0.00115007019526692
SPATA12	FALSE	FALSE	FALSE	FALSE	-0.00514992642508716
KNL1	FALSE	FALSE	FALSE	FALSE	0.325304220249387
ARHGEF25	FALSE	FALSE	FALSE	FALSE	-0.0297917021415026
TCP11L1	FALSE	FALSE	FALSE	FALSE	0.0189609728539946
SPDYA	FALSE	FALSE	FALSE	FALSE	0.143223331966017
SUPT7L	FALSE	FALSE	FALSE	FALSE	0.0305724014533952
CENPA	TRUE	TRUE	FALSE	FALSE	0.507951914793291
EDN3	TRUE	FALSE	TRUE	FALSE	-0.660852488530175
CENPQ	FALSE	FALSE	FALSE	FALSE	0.0776034221136435
OVOL1	FALSE	FALSE	FALSE	FALSE	0.330281632578677
HTR7	FALSE	FALSE	FALSE	FALSE	0.0694443002608072
PLCB1	FALSE	FALSE	FALSE	FALSE	0.0507432297596822
LMO1	FALSE	FALSE	FALSE	FALSE	0.321541917494454
FOXG1	FALSE	FALSE	FALSE	FALSE	0.151614256923665
TRIO	FALSE	FALSE	FALSE	FALSE	0.0408773604754549
H1-2	FALSE	FALSE	FALSE	FALSE	0.0849449590027946
FGFR3	FALSE	FALSE	FALSE	FALSE	-0.00362679825115197
UTS2B	FALSE	FALSE	FALSE	FALSE	-0.122996881446094
KRTAP4-5	FALSE	FALSE	FALSE	FALSE	0.00521880217620518
DMP1	FALSE	FALSE	FALSE	FALSE	0.324139464007956
CRHR2	FALSE	FALSE	FALSE	FALSE	0.00868483044300028
H2AC7	FALSE	FALSE	FALSE	FALSE	0.0765030505305195
HMX2	FALSE	FALSE	FALSE	FALSE	0.200982753170535
ZNF695	TRUE	TRUE	FALSE	FALSE	0.586215901428321
SMC4	FALSE	FALSE	FALSE	FALSE	0.0940572349458497
FOXM1	FALSE	FALSE	FALSE	FALSE	0.393215138506355
MESP2	FALSE	FALSE	FALSE	FALSE	0.316233176430408
ADCY2	FALSE	FALSE	FALSE	FALSE	-0.0797244744424095
B3GLCT	FALSE	FALSE	FALSE	FALSE	-0.000770303225167801
PKN1	FALSE	FALSE	FALSE	FALSE	-0.0470971766950132
ATR	FALSE	FALSE	FALSE	FALSE	0.0708378777544016
KRTAP1-3	FALSE	FALSE	FALSE	FALSE	0.0175992367308471
H1-0	FALSE	FALSE	FALSE	FALSE	0.0877545327146372
SLC24A2	TRUE	TRUE	FALSE	FALSE	0.664546112663295
EPB41	FALSE	FALSE	FALSE	FALSE	-0.00557911116436749
CASKIN1	TRUE	TRUE	FALSE	FALSE	0.50118963214196
E2F1	FALSE	FALSE	FALSE	FALSE	0.153619162909194
DUSP9	TRUE	TRUE	FALSE	FALSE	0.682269552825021
H2AB2	FALSE	FALSE	FALSE	FALSE	-0.00431915028961516
BMF	FALSE	FALSE	FALSE	FALSE	0.035208324105974
FN1	FALSE	FALSE	FALSE	FALSE	-0.053760511686475
NKX2-1	FALSE	FALSE	FALSE	FALSE	-0.222660188461975
H4C11	FALSE	FALSE	FALSE	FALSE	0.276305251487476
NEIL1	FALSE	FALSE	FALSE	FALSE	-0.0360948938025789
BLM	FALSE	FALSE	FALSE	FALSE	0.265143421133597
ADD3	FALSE	FALSE	FALSE	FALSE	-0.0151931807805097
PXK	FALSE	FALSE	FALSE	FALSE	-0.0645362091083772
CENPL	FALSE	FALSE	FALSE	FALSE	0.173057306727427
UBE2C	FALSE	FALSE	FALSE	FALSE	0.469371164021942
H2BC7	FALSE	FALSE	FALSE	FALSE	0.461082834085833
H2BC12	FALSE	FALSE	FALSE	FALSE	0.0833869081929972
RASSF1	FALSE	FALSE	FALSE	FALSE	-0.077343747797407
TEX43	FALSE	FALSE	FALSE	FALSE	NA
RAET1E	FALSE	FALSE	FALSE	FALSE	0.000377081020773495
BCL11B	FALSE	FALSE	FALSE	FALSE	0.0704129026034437
GALP	FALSE	FALSE	FALSE	FALSE	0.0670081014117261
SSTR2	FALSE	FALSE	FALSE	FALSE	0.087679147366849
POT1	FALSE	FALSE	FALSE	FALSE	0.0436339473942615
SGO2	FALSE	FALSE	FALSE	FALSE	0.183565105050325
HMX3	FALSE	FALSE	FALSE	FALSE	-0.0804536917908401
GAD1	FALSE	FALSE	FALSE	FALSE	0.444448151891505
RAD52	FALSE	FALSE	FALSE	FALSE	0.0515608288588218
WDR5	FALSE	FALSE	FALSE	FALSE	0.0649315127058774
H2AC13	FALSE	FALSE	FALSE	FALSE	0.49223983737318
SYN3	FALSE	FALSE	FALSE	FALSE	-0.229796427989345
H2AC11	FALSE	FALSE	FALSE	FALSE	0.298702508339661
PLAC1	TRUE	TRUE	FALSE	FALSE	0.590275140606218
H3C12	FALSE	FALSE	FALSE	FALSE	0.424647917938675
XRCC6	FALSE	FALSE	FALSE	FALSE	0.0314312614268255
FGF17	FALSE	FALSE	FALSE	FALSE	-0.020651885494182
RGR	FALSE	FALSE	FALSE	FALSE	-0.338440506353352
HAND2	FALSE	FALSE	FALSE	FALSE	-0.0310708653819569
ZSWIM5	FALSE	FALSE	FALSE	FALSE	-0.0510229592761231
H2AC17	FALSE	FALSE	FALSE	FALSE	0.173717866002669
PGLYRP4	TRUE	TRUE	FALSE	FALSE	0.511381959419724
DMBX1	TRUE	TRUE	FALSE	FALSE	0.686191688669734
PYY	FALSE	FALSE	FALSE	FALSE	0.0201244009300439
RTEL1	FALSE	FALSE	FALSE	FALSE	0.0885310038662137
CUX1	FALSE	FALSE	FALSE	FALSE	-0.0168542573141952
RRM2	FALSE	FALSE	FALSE	FALSE	0.347922914157543
WDHD1	FALSE	FALSE	FALSE	FALSE	0.201239314113323
DCLK1	FALSE	FALSE	FALSE	FALSE	0.011332789926854
GNL3L	FALSE	FALSE	FALSE	FALSE	0.0370875941392086
DLX1	FALSE	FALSE	FALSE	FALSE	0.476243613069751
NPY1R	FALSE	FALSE	FALSE	FALSE	-0.336644229967552
CACNA1S	TRUE	FALSE	TRUE	FALSE	-0.621369800667688
PAX9	FALSE	FALSE	FALSE	FALSE	0.295791897116801
KRTAP1-5	FALSE	FALSE	FALSE	FALSE	0.0524923812738489
EXO1	FALSE	FALSE	FALSE	FALSE	0.451856034112964
AGT	FALSE	FALSE	FALSE	FALSE	-0.0254914693603379
OTX1	TRUE	TRUE	FALSE	FALSE	0.53041143641349
H3-4	FALSE	FALSE	FALSE	FALSE	0.0767374663059188
PARP1	FALSE	FALSE	FALSE	FALSE	0.0805720560400367
H3-3A	FALSE	FALSE	FALSE	FALSE	0.0390048848066273
LEFTY2	FALSE	FALSE	FALSE	FALSE	-0.497835624207245
CENPF	FALSE	FALSE	FALSE	FALSE	0.361089583332593
DTL	FALSE	FALSE	FALSE	FALSE	0.252646752552465
NEK2	FALSE	FALSE	FALSE	FALSE	0.46765635605149
SERTAD4	FALSE	FALSE	FALSE	FALSE	0.0243003942219584
IRF6	FALSE	FALSE	FALSE	FALSE	0.120846578863112
IL20	FALSE	FALSE	FALSE	FALSE	-0.068328699382751
KISS1	FALSE	FALSE	FALSE	FALSE	0.0251526516309886
VIP	FALSE	FALSE	FALSE	FALSE	-0.352498048559441
GPR37L1	FALSE	FALSE	FALSE	FALSE	0.149990018926092
RAET1L	TRUE	TRUE	FALSE	FALSE	0.600154065194983
KIF14	FALSE	FALSE	FALSE	FALSE	0.476687224680227
NR5A2	FALSE	FALSE	FALSE	FALSE	-0.176576351156058
ASPM	FALSE	FALSE	FALSE	FALSE	0.419962677278624
RGS1	FALSE	FALSE	FALSE	FALSE	0.0176018378787131
RGS16	FALSE	FALSE	FALSE	FALSE	-0.115802955587643
NES	FALSE	FALSE	FALSE	FALSE	-0.172292439979715
BGLAP	FALSE	FALSE	FALSE	FALSE	0.154072594153359
CENPW	FALSE	FALSE	FALSE	FALSE	0.223088979213457
BNIP3	FALSE	FALSE	FALSE	FALSE	0.0828945639792007
MKI67	FALSE	FALSE	FALSE	FALSE	0.31511902565692
LOR	FALSE	FALSE	FALSE	FALSE	NA
SPRR1A	FALSE	FALSE	FALSE	FALSE	0.496247350757754
IVL	FALSE	FALSE	FALSE	FALSE	0.442130158559315
CRYBG1	FALSE	FALSE	FALSE	FALSE	-0.0071638681573285
RGS10	FALSE	FALSE	FALSE	FALSE	0.0224015426546682
H2BC21	FALSE	FALSE	FALSE	FALSE	0.0616303028643168
H3C14	FALSE	FALSE	FALSE	FALSE	0.141788844414934
H2AC18	FALSE	FALSE	FALSE	FALSE	NA
H3C10	FALSE	FALSE	FALSE	FALSE	0.235600009937603
TBX15	FALSE	FALSE	FALSE	FALSE	0.240089109430991
CNR1	FALSE	FALSE	FALSE	FALSE	-0.283374447322291
NGF	FALSE	FALSE	FALSE	FALSE	-0.0407319893084344
SMIM9	FALSE	FALSE	FALSE	FALSE	-0.151255010926289
NRAS	FALSE	FALSE	FALSE	FALSE	0.0228375752996577
TBX18	FALSE	FALSE	FALSE	FALSE	0.246940596278018
NPBWR2	FALSE	FALSE	FALSE	FALSE	0.0116328873925942
TTK	FALSE	FALSE	FALSE	FALSE	0.432904114920936
AHCYL1	FALSE	FALSE	FALSE	FALSE	-0.0109725863013992
OPN1LW	FALSE	FALSE	FALSE	FALSE	-0.0100822573147381
PAX2	FALSE	FALSE	FALSE	FALSE	0.104446732948102
GABRA3	TRUE	TRUE	FALSE	FALSE	0.767358767813627
GABRE	FALSE	FALSE	FALSE	FALSE	0.0955756493671949
BARHL2	FALSE	FALSE	FALSE	FALSE	0.0850661483553852
NTSR1	FALSE	FALSE	FALSE	FALSE	0.0443974749428833
SOX3	FALSE	FALSE	FALSE	FALSE	0.0603418993603189
LPAR3	FALSE	FALSE	FALSE	FALSE	0.0526860792392787
GNG5	FALSE	FALSE	FALSE	FALSE	-0.0556984687428015
BRS3	FALSE	FALSE	FALSE	FALSE	-0.0104814687193171
PRKACB	FALSE	FALSE	FALSE	FALSE	-0.0394411486028536
GNG12	FALSE	FALSE	FALSE	FALSE	-0.023244913557928
PPP1R3D	FALSE	FALSE	FALSE	FALSE	0.0330050371252497
GNAS	FALSE	FALSE	FALSE	FALSE	0.0191237520292926
FOXD3	FALSE	FALSE	FALSE	FALSE	0.442112650864775
SSBP3	FALSE	FALSE	FALSE	FALSE	-0.0163273659694001
CACNA1B	FALSE	FALSE	FALSE	FALSE	0.428421239190051
RUNX2	FALSE	FALSE	FALSE	FALSE	0.126326164532318
PDE6C	FALSE	FALSE	FALSE	FALSE	-0.00708546082013495
RBP4	FALSE	FALSE	FALSE	FALSE	-0.422293747311307
NSMF	FALSE	FALSE	FALSE	FALSE	0.0783057313882889
CEP55	FALSE	FALSE	FALSE	FALSE	0.38592622178096
ORC1	FALSE	FALSE	FALSE	FALSE	0.354091069200916
AGTR2	TRUE	FALSE	TRUE	FALSE	-0.673530834180948
RAD54L	FALSE	FALSE	FALSE	FALSE	0.438175483897711
KIF2C	FALSE	FALSE	FALSE	FALSE	0.416159707259816
CDC20	FALSE	FALSE	FALSE	FALSE	0.434825807865141
IL1RAPL2	TRUE	TRUE	FALSE	FALSE	0.559806151510715
EDN2	FALSE	FALSE	FALSE	FALSE	0.179092023341295
CITED4	FALSE	FALSE	FALSE	FALSE	-0.00225929525142199
BEX1	FALSE	FALSE	FALSE	FALSE	-0.360769999570227
CENPI	FALSE	FALSE	FALSE	FALSE	0.342219191318828
GUCA1A-2	FALSE	FALSE	FALSE	FALSE	NA
POU3F1	FALSE	FALSE	FALSE	FALSE	0.199802375085238
EPHA10	FALSE	FALSE	FALSE	FALSE	0.190546467796926
CDCA8	FALSE	FALSE	FALSE	FALSE	0.357556850477295
GRIK3	FALSE	FALSE	FALSE	FALSE	-0.0752190775420614
TBX22	FALSE	FALSE	FALSE	FALSE	0.0132184741808121
CYSLTR1	FALSE	FALSE	FALSE	FALSE	-0.179047235910788
MAFB	FALSE	FALSE	FALSE	FALSE	-0.0376159717201761
UGT1A5	FALSE	FALSE	FALSE	FALSE	NA
MARCKSL1	FALSE	FALSE	FALSE	FALSE	0.134755056330902
PHKA1	FALSE	FALSE	FALSE	FALSE	0.136169020641672
SRC	FALSE	FALSE	FALSE	FALSE	0.0488491437236984
GHRH	FALSE	FALSE	FALSE	FALSE	0.0153878710268716
LHX2	TRUE	TRUE	FALSE	FALSE	0.588216668974573
ATOH7	FALSE	FALSE	FALSE	FALSE	0.278266793185487
NKAIN1	TRUE	TRUE	FALSE	FALSE	0.564704827234351
CLPSL1	FALSE	FALSE	FALSE	FALSE	0.35733563823503
ZWINT	FALSE	FALSE	FALSE	FALSE	0.283525929168923
SLC18A3	FALSE	FALSE	FALSE	FALSE	0.297291210191371
RGS3	FALSE	FALSE	FALSE	FALSE	-0.0719825179194968
GNG10	FALSE	FALSE	FALSE	FALSE	-0.0380868705367492
ITPR3	FALSE	FALSE	FALSE	FALSE	-0.0159395764817774
NIPAL3	FALSE	FALSE	FALSE	FALSE	-0.0659684057269097
KIF4A	FALSE	FALSE	FALSE	FALSE	0.450845130999707
LPAR1	FALSE	FALSE	FALSE	FALSE	-0.0222159929438153
GPSM3	FALSE	FALSE	FALSE	FALSE	-0.10168834217919
PBX2	FALSE	FALSE	FALSE	FALSE	-0.0104187792165575
FOXE1	TRUE	TRUE	FALSE	FALSE	0.681893165062402
CENPP	FALSE	FALSE	FALSE	FALSE	0.101738207809889
FAM131C	TRUE	TRUE	FALSE	FALSE	0.568837787352005
BCL2L1	FALSE	FALSE	FALSE	FALSE	-0.0263864498813815
GAD2	FALSE	FALSE	FALSE	FALSE	0.0496020855100161
CACNA1F	FALSE	FALSE	FALSE	FALSE	-0.0740181514084917
ZIC2	TRUE	TRUE	FALSE	FALSE	0.726660666869636
PTF1A	FALSE	FALSE	FALSE	FALSE	-0.0469199690043753
NMS	FALSE	FALSE	FALSE	FALSE	-0.0208029244003152
ANXA1	FALSE	FALSE	FALSE	FALSE	-0.0491869161091705
GABBR1	FALSE	FALSE	FALSE	FALSE	0.0160437902765116
CORT	FALSE	FALSE	FALSE	FALSE	0.177932901282007
NKX2-2	FALSE	FALSE	FALSE	FALSE	0.105540260882069
SPDYC	FALSE	FALSE	FALSE	FALSE	0.156636653429908
PRKACG	FALSE	FALSE	FALSE	FALSE	-0.0580497599305185
FOXH1	FALSE	FALSE	FALSE	FALSE	0.388973112311952
PIK3CD	FALSE	FALSE	FALSE	FALSE	-0.0383455760721869
H2BC13	FALSE	FALSE	FALSE	FALSE	0.306640386642238
KRTAP4-2	FALSE	FALSE	FALSE	FALSE	0.0193946059843917
H2BC10	FALSE	FALSE	FALSE	FALSE	0.182755276529693
H4C2	FALSE	FALSE	FALSE	FALSE	0.213704866465953
KRTAP1-4	FALSE	FALSE	FALSE	FALSE	0.011362182832563
H3C4	FALSE	FALSE	FALSE	FALSE	0.0535209568238657
H2AC6	FALSE	FALSE	FALSE	FALSE	0.0410964026461107
H4C3	FALSE	FALSE	FALSE	FALSE	0.266184996350564
HES5	FALSE	FALSE	FALSE	FALSE	0.00308536773316348
PLCB4	FALSE	FALSE	FALSE	FALSE	-0.122982325706626
GABRD	FALSE	FALSE	FALSE	FALSE	0.0888853726041239
GNB1	FALSE	FALSE	FALSE	FALSE	-0.00870165040154181
EDN1	FALSE	FALSE	FALSE	FALSE	-0.211899300180936
CENPB	FALSE	FALSE	FALSE	FALSE	-0.00053206777830006
CNGA4	FALSE	FALSE	FALSE	FALSE	-0.365871990970546
PHKA2	FALSE	FALSE	FALSE	FALSE	0.0183507378469701
ARSK	FALSE	FALSE	FALSE	FALSE	-0.0241506178494619
KL	FALSE	FALSE	FALSE	FALSE	-0.399648235415991
BRCA2	FALSE	FALSE	FALSE	FALSE	0.126844137034357
IFNW1	FALSE	FALSE	FALSE	FALSE	-0.0461532418196136
GRPR	FALSE	FALSE	FALSE	FALSE	-0.0891371281042792
AVP	FALSE	FALSE	FALSE	FALSE	0.0594174690406533
UCN3	FALSE	FALSE	FALSE	FALSE	-0.369093723292472
ADRA1A	TRUE	FALSE	TRUE	FALSE	-0.756193017471048
AIPL1	FALSE	FALSE	FALSE	FALSE	0.0481415286160205
TH	FALSE	FALSE	FALSE	FALSE	0.0985887522944076
ITPR2	FALSE	FALSE	FALSE	FALSE	-0.0616611494892902
NPSR1	TRUE	TRUE	FALSE	FALSE	0.537913768304905
JAK2	FALSE	FALSE	FALSE	FALSE	-0.0940762649767732
C22orf42	FALSE	FALSE	FALSE	FALSE	0.0103045124761998
GNG7	FALSE	FALSE	FALSE	FALSE	-0.190800590853275
ONECUT3	FALSE	FALSE	FALSE	FALSE	0.304502950887902
NOP2	FALSE	FALSE	FALSE	FALSE	0.102658359888018
NKX3-2	FALSE	FALSE	FALSE	FALSE	0.482562034024281
CHEK2	FALSE	FALSE	FALSE	FALSE	0.182093767509622
MSX1	FALSE	FALSE	FALSE	FALSE	-0.118498464068831
DRD3	FALSE	FALSE	FALSE	FALSE	0.0312712881416051
SHISAL2B	FALSE	FALSE	FALSE	FALSE	0.157521442766349
ADAMTS20	TRUE	TRUE	FALSE	FALSE	0.503067234091093
TBR1	FALSE	FALSE	FALSE	FALSE	0.145633789008707
SHOX2	TRUE	TRUE	FALSE	FALSE	0.518691848033155
KRTAP4-4	FALSE	FALSE	FALSE	FALSE	0.00964002116359763
KRTAP19-1	FALSE	FALSE	FALSE	FALSE	0.14298548286113
KRTAP13-3	FALSE	FALSE	FALSE	FALSE	-0.0303678507924405
KRTAP4-3	FALSE	FALSE	FALSE	FALSE	-0.000854469171061023
KRTAP4-11	FALSE	FALSE	FALSE	FALSE	0.00951582056751388
KRTAP4-7	FALSE	FALSE	FALSE	FALSE	0.0030760404380068
KRTAP2-1	FALSE	FALSE	FALSE	FALSE	-0.00241149737273849
KRTAP3-3	FALSE	FALSE	FALSE	FALSE	0.0323893989142201
KRTAP3-2	FALSE	FALSE	FALSE	FALSE	0.0434011170670727
KRTAP3-1	FALSE	FALSE	FALSE	FALSE	0.195240519521721
KRTAP6-3	FALSE	FALSE	FALSE	FALSE	-0.00219327531673574
IL24	FALSE	FALSE	FALSE	FALSE	0.0689387121585092
PDC	FALSE	FALSE	FALSE	FALSE	0.1081365569324
PAX3	FALSE	FALSE	FALSE	FALSE	0.254536022281396
XRCC5	FALSE	FALSE	FALSE	FALSE	0.0292894290226222
HOXD13	FALSE	FALSE	FALSE	FALSE	0.458698661541233
GRK5	FALSE	FALSE	FALSE	FALSE	-0.246910789614462
CYREN	FALSE	FALSE	FALSE	FALSE	0.00395298077351836
IL1F10	FALSE	FALSE	FALSE	FALSE	0.107399529255652
CENPN	FALSE	FALSE	FALSE	FALSE	0.158368969613588
LONRF2	FALSE	FALSE	FALSE	FALSE	-0.130953706831862
TFAP2B	FALSE	FALSE	FALSE	FALSE	0.0972058349000644
DRD1	FALSE	FALSE	FALSE	FALSE	-0.32895666286067
GAP43	FALSE	FALSE	FALSE	FALSE	0.323621489528057
CNP	FALSE	FALSE	FALSE	FALSE	0.057250936661279
HMMR	FALSE	FALSE	FALSE	FALSE	0.346778675332392
PTTG1	FALSE	FALSE	FALSE	FALSE	0.265009245877327
KRT35	FALSE	FALSE	FALSE	FALSE	0.0468036326788299
KRTAP9-9	FALSE	FALSE	FALSE	FALSE	0.000674405486000396
KRTAP4-12	FALSE	FALSE	FALSE	FALSE	0.0180124104178359
QRFPR	FALSE	FALSE	FALSE	FALSE	0.014983716837456
BAD	FALSE	FALSE	FALSE	FALSE	-0.00617969240075578
PNPLA1	FALSE	FALSE	FALSE	FALSE	-0.0346361072493133
NMB	FALSE	FALSE	FALSE	FALSE	0.0649469357635839
AKAP5	FALSE	FALSE	FALSE	FALSE	-0.143919773642098
KIF20A	FALSE	FALSE	FALSE	FALSE	0.373562842391603
RGS19	FALSE	FALSE	FALSE	FALSE	-0.0535122459275073
MEPE	FALSE	FALSE	FALSE	FALSE	0.0854350525835352
TBX6	FALSE	FALSE	FALSE	FALSE	0.118428619379847
CDK1	FALSE	FALSE	FALSE	FALSE	0.273555023783015
MAPK8	FALSE	FALSE	FALSE	FALSE	0.00425602007674009
ADM2	FALSE	FALSE	FALSE	FALSE	0.341340484389294
CAMK2B	FALSE	FALSE	FALSE	FALSE	0.189971904121174
BMP7	FALSE	FALSE	FALSE	FALSE	0.130807523394187
YWHAZ	FALSE	FALSE	FALSE	FALSE	0.0678650608476499
CCK	FALSE	FALSE	FALSE	FALSE	-0.416654989028777
PDE1C	FALSE	FALSE	FALSE	FALSE	-0.331033507314138
SOX6	FALSE	FALSE	FALSE	FALSE	-0.0440754170589672
CENPK	FALSE	FALSE	FALSE	FALSE	0.268509646537967
GAPDH	FALSE	FALSE	FALSE	FALSE	0.134885949355765
SOX10	FALSE	FALSE	FALSE	FALSE	-0.0802102640654878
OR51E1	TRUE	TRUE	FALSE	FALSE	0.50370997812087
GPER1	FALSE	FALSE	FALSE	FALSE	-0.292477709974412
TEN1	FALSE	FALSE	FALSE	FALSE	0.0768585379739797
KRTAP10-9	FALSE	FALSE	FALSE	FALSE	-0.0044073541857208
EPHB1	FALSE	FALSE	FALSE	FALSE	0.120486288959388
NPS	FALSE	FALSE	FALSE	FALSE	0.00172893980998401
BCL2	FALSE	FALSE	FALSE	FALSE	-0.0200036144491671
NSF	FALSE	FALSE	FALSE	FALSE	0.0484046320412475
CRHR1	FALSE	FALSE	FALSE	FALSE	0.0119068999465908
CABIN1	FALSE	FALSE	FALSE	FALSE	-0.015612186827795
KRTAP4-1	TRUE	TRUE	FALSE	FALSE	0.737147499576869
GABRA5	FALSE	FALSE	FALSE	FALSE	0.266171083617718
DIAPH3	FALSE	FALSE	FALSE	FALSE	0.0581623006422856
GCGR	FALSE	FALSE	FALSE	FALSE	0.375214181230024
CCNL2	FALSE	FALSE	FALSE	FALSE	0.0602330008698386
POMC	FALSE	FALSE	FALSE	FALSE	0.00231237295326725
CNGA1	FALSE	FALSE	FALSE	FALSE	0.165152132433191
NPY	FALSE	FALSE	FALSE	FALSE	-0.0624548782239698
KCTD1	FALSE	FALSE	FALSE	FALSE	0.135867323394873
ADCY3	FALSE	FALSE	FALSE	FALSE	0.0120470167106701
DQX1	TRUE	TRUE	FALSE	FALSE	0.509721687780246
KMT5A	FALSE	FALSE	FALSE	FALSE	0.0463124666059613
CDKN1A	FALSE	FALSE	FALSE	FALSE	-0.0602565398131896
SAA1	FALSE	FALSE	FALSE	FALSE	0.103659731873512
CACNA1I	FALSE	FALSE	FALSE	FALSE	0.135151479125942
CHRNA2	TRUE	FALSE	TRUE	FALSE	-0.667309911058624
NRXN1	FALSE	FALSE	FALSE	FALSE	-0.237734445069181
GPSM2	FALSE	FALSE	FALSE	FALSE	0.108848436142804
GABRR2	FALSE	FALSE	FALSE	FALSE	0.0904389352094395
ADRA2C	FALSE	FALSE	FALSE	FALSE	-0.157234983036086
MYO7A	FALSE	FALSE	FALSE	FALSE	0.147195277720745
KRTAP19-3	FALSE	FALSE	FALSE	FALSE	0.0141477842165805
SAG	FALSE	FALSE	FALSE	FALSE	-0.0685169873027309
CC2D2B	FALSE	FALSE	FALSE	FALSE	-0.147581387207432
ACAN	FALSE	FALSE	FALSE	FALSE	0.118897332812463
GCG	FALSE	FALSE	FALSE	FALSE	0.0540646669932228
RARG	FALSE	FALSE	FALSE	FALSE	0.0695877514717571
MLN	FALSE	FALSE	FALSE	FALSE	0.0241071637235977
NFATC1	FALSE	FALSE	FALSE	FALSE	-0.0985062456316692
DLX3	FALSE	FALSE	FALSE	FALSE	0.162695962824078
CHEK1	FALSE	FALSE	FALSE	FALSE	0.298408800201024
APLN	FALSE	FALSE	FALSE	FALSE	-0.212361765066967
KRTAP9-3	FALSE	FALSE	FALSE	FALSE	0.0018353827945643
GPSM1	FALSE	FALSE	FALSE	FALSE	-0.0615647634041023
GABRA1	FALSE	FALSE	FALSE	FALSE	-0.0413425765101216
FGFR1	FALSE	FALSE	FALSE	FALSE	-0.062398501038559
CASP14	FALSE	FALSE	FALSE	FALSE	0.371533662057622
KIFC1	FALSE	FALSE	FALSE	FALSE	0.31147854609498
KCTD15	FALSE	FALSE	FALSE	FALSE	0.0128631510508574
OPRM1	FALSE	FALSE	FALSE	FALSE	0.0707568499999276
MTFR2	FALSE	FALSE	FALSE	FALSE	0.228122082281747
GNL3	FALSE	FALSE	FALSE	FALSE	0.0807403321774371
GPATCH4	FALSE	FALSE	FALSE	FALSE	0.0649547331300129
GRIK2	FALSE	FALSE	FALSE	FALSE	0.186408742957711
RGS4	FALSE	FALSE	FALSE	FALSE	0.0321191851338574
RLN3	FALSE	FALSE	FALSE	FALSE	-0.0325174748733312
GNG4	FALSE	FALSE	FALSE	FALSE	0.444709921613639
AGTR1	FALSE	FALSE	FALSE	FALSE	-0.418839263711402
CHRM2	TRUE	FALSE	TRUE	FALSE	-0.756988467212595
HOXC4	FALSE	FALSE	FALSE	FALSE	0.173699044788499
FOXA2	FALSE	FALSE	FALSE	FALSE	-0.339746498354223
PENK	FALSE	FALSE	FALSE	FALSE	-0.299312054585129
SATB2	FALSE	FALSE	FALSE	FALSE	0.0941953355539917
STRC	FALSE	FALSE	FALSE	FALSE	0.353970566580453
PLCL1	FALSE	FALSE	FALSE	FALSE	-0.221603172456943
ESR1	FALSE	FALSE	FALSE	FALSE	-0.0976494054357584
CDC45	FALSE	FALSE	FALSE	FALSE	0.430891654807633
RASGRF1	FALSE	FALSE	FALSE	FALSE	-0.411049516273453
EBNA1BP2	FALSE	FALSE	FALSE	FALSE	0.0599589717151261
CHRNA7	FALSE	FALSE	FALSE	FALSE	0.0814401094989172
HRAS	FALSE	FALSE	FALSE	FALSE	0.0622260766228786
PPP1R3E	FALSE	FALSE	FALSE	FALSE	0.0151622238595985
HDAC9	FALSE	FALSE	FALSE	FALSE	-0.0116994524781555
PRKCA	FALSE	FALSE	FALSE	FALSE	-0.0499886520509722
SP8	TRUE	TRUE	FALSE	FALSE	0.604187620402969
CHRM4	FALSE	FALSE	FALSE	FALSE	-0.22128905072258
ARRB1	FALSE	FALSE	FALSE	FALSE	-0.204500008003111
FGFR2	FALSE	FALSE	FALSE	FALSE	-0.101546744783468
PDE1A	FALSE	FALSE	FALSE	FALSE	-0.0747910982672373
GABRG2	FALSE	FALSE	FALSE	FALSE	0.313811590987938
FEZF1	TRUE	TRUE	FALSE	FALSE	0.624241347371587
GABARAPL1	FALSE	FALSE	FALSE	FALSE	-0.0873070915281691
TOP2A	FALSE	FALSE	FALSE	FALSE	0.376550567688591
DEPDC1	FALSE	FALSE	FALSE	FALSE	0.496505216592341
GABRR1	FALSE	FALSE	FALSE	FALSE	0.473844487389003
CAMTA2	FALSE	FALSE	FALSE	FALSE	-0.0683545400032717
HJURP	FALSE	FALSE	FALSE	FALSE	0.483235583591372
BDNF	FALSE	FALSE	FALSE	FALSE	-0.336165037942893
OSR2	FALSE	FALSE	FALSE	FALSE	0.109093257551668
C1orf167	FALSE	FALSE	FALSE	FALSE	-0.0534188784992233
MYO7B	FALSE	FALSE	FALSE	FALSE	-0.363509609916411
GTSE1	FALSE	FALSE	FALSE	FALSE	0.406219571924525
FSHB	FALSE	FALSE	FALSE	FALSE	0.00542842934957433
MCM10	FALSE	FALSE	FALSE	FALSE	0.445890240501169
C21orf62	FALSE	FALSE	FALSE	FALSE	NA
BRCA1	FALSE	FALSE	FALSE	FALSE	0.155835534100193
UTP25	FALSE	FALSE	FALSE	FALSE	0.091522241249109
ADCY5	FALSE	FALSE	FALSE	FALSE	-0.110895229385356
CASR	FALSE	FALSE	FALSE	FALSE	-0.0804110631202191
PDE6B	FALSE	FALSE	FALSE	FALSE	-0.0642734421713707
ROBO1	FALSE	FALSE	FALSE	FALSE	-0.00609534473781537
MYO10	FALSE	FALSE	FALSE	FALSE	-0.00100164550227166
SPDYE2	FALSE	FALSE	FALSE	FALSE	0.0773087082944492
GNGT2	FALSE	FALSE	FALSE	FALSE	-0.19034517617875
MACROH2A1	FALSE	FALSE	FALSE	FALSE	0.0214848710073587
HOXC9	FALSE	FALSE	FALSE	FALSE	0.406850859898119
NPY5R	FALSE	FALSE	FALSE	FALSE	-0.452402189781917
SPDYE2B	FALSE	FALSE	FALSE	FALSE	0.0263185681453342
PTTG2	FALSE	FALSE	FALSE	FALSE	-0.114344348385993
HTN1	FALSE	FALSE	FALSE	FALSE	0.0414443758081431
GABRA2	FALSE	FALSE	FALSE	FALSE	-0.218193073337542
PIK3R1	FALSE	FALSE	FALSE	FALSE	-0.088154868976849
RGS21	FALSE	FALSE	FALSE	FALSE	0.0120432932386549
DLX6	TRUE	TRUE	FALSE	FALSE	0.727627609530788
PBK	FALSE	FALSE	FALSE	FALSE	0.447630937765365
GRIA1	TRUE	FALSE	TRUE	FALSE	-0.692321582450838
UNC13A	FALSE	FALSE	FALSE	FALSE	0.0530201674667348
GABRP	FALSE	FALSE	FALSE	FALSE	0.0417885646988703
TRHR	FALSE	FALSE	FALSE	FALSE	0.0603301863551655
RGS5	FALSE	FALSE	FALSE	FALSE	-0.145205128038244
PTH	FALSE	FALSE	FALSE	FALSE	0.082239165645587
H2AX	FALSE	FALSE	FALSE	FALSE	0.142677856772118
CCKBR	FALSE	FALSE	FALSE	FALSE	0.0392454217248863
GATA4	FALSE	FALSE	FALSE	FALSE	0.0343230426440435
DBX1	FALSE	FALSE	FALSE	FALSE	0.0772353071075029
H2AJ	FALSE	FALSE	FALSE	FALSE	-0.0209289935306858
HNF1A	FALSE	FALSE	FALSE	FALSE	0.0630069548545737
PDYN	FALSE	FALSE	FALSE	FALSE	-0.138335108100229
CDCA3	FALSE	FALSE	FALSE	FALSE	0.422341679874027
BEX2	FALSE	FALSE	FALSE	FALSE	-0.0221980145491552
RGS13	FALSE	FALSE	FALSE	FALSE	-0.312456531672395
H4-16	FALSE	FALSE	FALSE	FALSE	NA
LPAR2	FALSE	FALSE	FALSE	FALSE	0.104485445162692
PLCB3	FALSE	FALSE	FALSE	FALSE	0.0364324658916404
SP7	FALSE	FALSE	FALSE	FALSE	0.100696368205542
CITED2	FALSE	FALSE	FALSE	FALSE	-0.152828273188897
H2BC8	FALSE	FALSE	FALSE	FALSE	0.384497270821027
H2BC18	FALSE	FALSE	FALSE	FALSE	0.241174496208718
C12orf56	TRUE	TRUE	FALSE	FALSE	0.759535342436302
HOXC11	TRUE	TRUE	FALSE	FALSE	0.621800428334407
BAZ2A	FALSE	FALSE	FALSE	FALSE	0.00188049702156157
LIN7A	FALSE	FALSE	FALSE	FALSE	-0.308568955196535
BDKRB2	FALSE	FALSE	FALSE	FALSE	0.00311907732329875
RNASE12	FALSE	FALSE	FALSE	FALSE	-0.00713342129708483
EMX2	FALSE	FALSE	FALSE	FALSE	0.0482688427125977
MEIS2	FALSE	FALSE	FALSE	FALSE	-0.0737141519203535
RD3L	FALSE	FALSE	FALSE	FALSE	-0.0305847517285538
PHKG2	FALSE	FALSE	FALSE	FALSE	0.0585137384565533
STRA6	TRUE	TRUE	FALSE	FALSE	0.508586000643607
NPW	FALSE	FALSE	FALSE	FALSE	0.415948663619625
CENPT	FALSE	FALSE	FALSE	FALSE	0.0328500649261256
GPR139	FALSE	FALSE	FALSE	FALSE	0.00923849031018076
TRPV1	FALSE	FALSE	FALSE	FALSE	0.0814841020012178
SMIM21	FALSE	FALSE	FALSE	FALSE	0.0332355849169508
H4C15	FALSE	FALSE	FALSE	FALSE	0.112044816760897
H4C14	FALSE	FALSE	FALSE	FALSE	0.275813524599903
RBFOX3	FALSE	FALSE	FALSE	FALSE	-0.0455996916543198
CENPX	FALSE	FALSE	FALSE	FALSE	0.0754289857522155
KIF18B	FALSE	FALSE	FALSE	FALSE	0.488183634140989
GABRQ	TRUE	TRUE	FALSE	FALSE	0.580601729921014
OPN1MW	FALSE	FALSE	FALSE	FALSE	-0.0223456076048345
FFAR2	FALSE	FALSE	FALSE	FALSE	-0.157306218694182
RUVBL2	FALSE	FALSE	FALSE	FALSE	0.0510513251379816
APLNR	FALSE	FALSE	FALSE	FALSE	-0.14662816731939
H2AC19	FALSE	FALSE	FALSE	FALSE	NA
DNAH11	FALSE	FALSE	FALSE	FALSE	-0.0920322044621473
H2BC11	FALSE	FALSE	FALSE	FALSE	0.195090320860806
GRIN2B	FALSE	FALSE	FALSE	FALSE	-0.189420268961873
H2BC17	FALSE	FALSE	FALSE	FALSE	0.4351651979597
LHX1	FALSE	FALSE	FALSE	FALSE	0.302013448959936
H4C7	FALSE	FALSE	FALSE	FALSE	0.0109752945769563
H2BC14	FALSE	FALSE	FALSE	FALSE	0.243205532362744
NOS1	FALSE	FALSE	FALSE	FALSE	-0.429475042786928
MARCKS	FALSE	FALSE	FALSE	FALSE	0.040284623924137
MYC	FALSE	FALSE	FALSE	FALSE	0.0134445908118392
H4C1	FALSE	FALSE	FALSE	FALSE	0.133510571496728
GABRG3	FALSE	FALSE	FALSE	FALSE	0.238270348913418
H2BC9	TRUE	TRUE	FALSE	FALSE	0.57841713315882
BORA	FALSE	FALSE	FALSE	FALSE	0.148158108327661
H2BU1	FALSE	FALSE	FALSE	FALSE	NA
H4C4	FALSE	FALSE	FALSE	FALSE	0.279199768386779
H4C12	FALSE	FALSE	FALSE	FALSE	0.279558087409315
CIB1	FALSE	FALSE	FALSE	FALSE	0.0237394672863083
USH1G	TRUE	TRUE	FALSE	FALSE	0.597866585545549
PDZD7	FALSE	FALSE	FALSE	FALSE	0.00933415789877756
H4C13	FALSE	FALSE	FALSE	FALSE	0.0997243197090225
SSTR3	FALSE	FALSE	FALSE	FALSE	0.101551247378391
CCL23	FALSE	FALSE	FALSE	FALSE	-0.472890695639598
CCNA2	FALSE	FALSE	FALSE	FALSE	0.357711605321585
FAM83D	FALSE	FALSE	FALSE	FALSE	NA
H4C9	FALSE	FALSE	FALSE	FALSE	0.0969643901668178
H2BS1	FALSE	FALSE	FALSE	FALSE	NA
IFNL3	FALSE	FALSE	FALSE	FALSE	0.12915781051585
KCNN3	FALSE	FALSE	FALSE	FALSE	-0.140898009321611
LOC102724159	FALSE	FALSE	FALSE	FALSE	0.0496198256682474
IRX4	FALSE	FALSE	FALSE	FALSE	0.460693951094226
H2AC15	FALSE	FALSE	FALSE	FALSE	-0.00767757662876312
PLCG2	FALSE	FALSE	FALSE	FALSE	-0.0750838137130421
H2AC16	FALSE	FALSE	FALSE	FALSE	0.292504022951834
H2BC3	FALSE	FALSE	FALSE	FALSE	0.157424284630521
TAC3	FALSE	FALSE	FALSE	FALSE	0.154630814923412
ACD	FALSE	FALSE	FALSE	FALSE	0.0233382039468113
RDM1	TRUE	TRUE	FALSE	FALSE	0.553951624706039
SALL2	FALSE	FALSE	FALSE	FALSE	-0.0561470452672541
BTK	FALSE	FALSE	FALSE	FALSE	-0.19181126172176
H2AC4	FALSE	FALSE	FALSE	FALSE	0.226177271751328
H2BC15	FALSE	FALSE	FALSE	FALSE	0.139891167290251
H3C7	FALSE	FALSE	FALSE	FALSE	0.278768771384033
H2AB1	FALSE	FALSE	FALSE	FALSE	0.00911402078537993
LIG4	FALSE	FALSE	FALSE	FALSE	-0.0586511418968083
GJA5	FALSE	FALSE	FALSE	FALSE	-0.198345232263075
H3C8	FALSE	FALSE	FALSE	FALSE	0.42101998184017
H3C3	FALSE	FALSE	FALSE	FALSE	0.342870106038292
H4C5	FALSE	FALSE	FALSE	FALSE	0.423647842120877
H3C2	FALSE	FALSE	FALSE	FALSE	0.416436816345834
QRFP	FALSE	FALSE	FALSE	FALSE	-0.0182997383133205
TCF7L2	FALSE	FALSE	FALSE	FALSE	-0.0547090291038117
H4C8	FALSE	FALSE	FALSE	FALSE	0.134402535635931
hCG_2039566	FALSE	FALSE	FALSE	FALSE	NA
H2BC6	FALSE	FALSE	FALSE	FALSE	0.318774297584039
CACNA1A	FALSE	FALSE	FALSE	FALSE	0.0145677342745154
DCX	FALSE	FALSE	FALSE	FALSE	0.0884271940125734
PAX6	FALSE	FALSE	FALSE	FALSE	0.382654439318149
GNG14	FALSE	FALSE	FALSE	FALSE	0.0142590548599744
SLC25A48	TRUE	TRUE	FALSE	FALSE	0.512435571443937
RAD51	FALSE	FALSE	FALSE	FALSE	0.309607957188374
EFNB2	FALSE	FALSE	FALSE	FALSE	-0.0976492747350095
FOXC1	FALSE	FALSE	FALSE	FALSE	0.0111326689988527
CTCF	FALSE	FALSE	FALSE	FALSE	0.0097787419675841
SIX1	FALSE	FALSE	FALSE	FALSE	0.287837665121177
ACTB	FALSE	FALSE	FALSE	FALSE	-0.0177920994262353
CASK	FALSE	FALSE	FALSE	FALSE	0.0585079374025348
PITX2	TRUE	TRUE	FALSE	FALSE	0.867038145989955
CTNNB1	FALSE	FALSE	FALSE	FALSE	-0.00742549041891039
PRKCB	FALSE	FALSE	FALSE	FALSE	-0.135958545449033
EYA1	FALSE	FALSE	FALSE	FALSE	0.00587607012270652
GNAI1	FALSE	FALSE	FALSE	FALSE	-0.0152794232741424
DLG4	FALSE	FALSE	FALSE	FALSE	-0.0620683663709052
DLX5	FALSE	FALSE	FALSE	FALSE	0.477105046191618
DEK	FALSE	FALSE	FALSE	FALSE	0.0461549598379376
CAMK2A	FALSE	FALSE	FALSE	FALSE	-0.279900792289828
OTX2	FALSE	FALSE	FALSE	FALSE	0.227088823985599
CACNG3	FALSE	FALSE	FALSE	FALSE	0.0561313357365414
HOXA11	FALSE	FALSE	FALSE	FALSE	0.491626073446337
KRT33A	FALSE	FALSE	FALSE	FALSE	0.192299618830912
CD4	FALSE	FALSE	FALSE	FALSE	-0.11754088924013
SNAI2	FALSE	FALSE	FALSE	FALSE	0.0841988166397476
DCN	FALSE	FALSE	FALSE	FALSE	-0.135625728196164
TLL1	FALSE	FALSE	FALSE	FALSE	-0.224091445344021
PKP2	FALSE	FALSE	FALSE	FALSE	0.153423011632535
APPBP2	FALSE	FALSE	FALSE	FALSE	-0.0140205615089233
PPP2R5B	FALSE	FALSE	FALSE	FALSE	-0.0508172775047875
KRT14	FALSE	FALSE	FALSE	FALSE	0.476807309336336
KRT20	FALSE	FALSE	FALSE	FALSE	0.239736356161955
FGF4	FALSE	FALSE	FALSE	FALSE	0.0582408535791901
CA12	FALSE	FALSE	FALSE	FALSE	0.123269750807497
FGF20	FALSE	FALSE	FALSE	FALSE	0.0785533976049235
PCDHB4	FALSE	FALSE	FALSE	FALSE	-0.136553525758827
PLOD1	FALSE	FALSE	FALSE	FALSE	0.0622036328657609
TRIP6	FALSE	FALSE	FALSE	FALSE	0.0400766590509045
KRT23	FALSE	FALSE	FALSE	FALSE	0.104829098184229
TECR	FALSE	FALSE	FALSE	FALSE	0.026666859998989
OSM	FALSE	FALSE	FALSE	FALSE	-0.0351071028003735
HMOX1	FALSE	FALSE	FALSE	FALSE	-0.0863142582275076
CTSG	FALSE	FALSE	FALSE	FALSE	-0.345250857961212
CYP24A1	TRUE	TRUE	FALSE	FALSE	0.537986902091353
SALL4	FALSE	FALSE	FALSE	FALSE	0.448400163996259
LBP	FALSE	FALSE	FALSE	FALSE	0.131784850356909
TIMP1	FALSE	FALSE	FALSE	FALSE	0.0630488756222674
GLA	FALSE	FALSE	FALSE	FALSE	0.0263006667278614
ACP5	FALSE	FALSE	FALSE	FALSE	-0.163024628027531
ZNF263	FALSE	FALSE	FALSE	FALSE	0.0133793044745421
MMP2	FALSE	FALSE	FALSE	FALSE	-0.0105524344552554
AGO2	FALSE	FALSE	FALSE	FALSE	0.0374423385809077
TG	FALSE	FALSE	FALSE	FALSE	0.110067473010294
SFRP1	FALSE	FALSE	FALSE	FALSE	-0.141401567109086
PLAT	FALSE	FALSE	FALSE	FALSE	0.0479899885422039
DHDH	FALSE	FALSE	FALSE	FALSE	-0.087881238163293
TGFB1	FALSE	FALSE	FALSE	FALSE	-0.0440091598038261
CEACAM5	FALSE	FALSE	FALSE	FALSE	0.170493375687053
CNFN	FALSE	FALSE	FALSE	FALSE	0.381445639665372
SLC5A5	FALSE	FALSE	FALSE	FALSE	0.0459981737942066
COMP	FALSE	FALSE	FALSE	FALSE	0.15751816716731
HGF	FALSE	FALSE	FALSE	FALSE	-0.197549067727172
HOXA5	FALSE	FALSE	FALSE	FALSE	-0.183273367535301
HOXA6	FALSE	FALSE	FALSE	FALSE	-0.0722266961118194
PCOLCE	FALSE	FALSE	FALSE	FALSE	0.00668831031765649
SERPINE1	FALSE	FALSE	FALSE	FALSE	-0.0117843298477194
PLOD3	FALSE	FALSE	FALSE	FALSE	0.0227652434161998
CDH23	FALSE	FALSE	FALSE	FALSE	-0.170138320268
MPO	FALSE	FALSE	FALSE	FALSE	-0.19053573110079
CSF3	TRUE	FALSE	TRUE	FALSE	-0.510846996216319
KRT37	FALSE	FALSE	FALSE	FALSE	0.129257191522817
CCL2	FALSE	FALSE	FALSE	FALSE	-0.13305661700962
CCL13	FALSE	FALSE	FALSE	FALSE	-0.0883063585589596
KRT32	FALSE	FALSE	FALSE	FALSE	0.3019013769579
COL1A1	FALSE	FALSE	FALSE	FALSE	0.176582295763572
CACNG1	FALSE	FALSE	FALSE	FALSE	-0.315102203176125
CXCL6	FALSE	FALSE	FALSE	FALSE	0.0993425595718342
NFKB1	FALSE	FALSE	FALSE	FALSE	-0.0339996723996299
IL2	FALSE	FALSE	FALSE	FALSE	-0.189385136283301
CCND1	FALSE	FALSE	FALSE	FALSE	-0.0420576355441229
TMEM109	FALSE	FALSE	FALSE	FALSE	-0.0500562894064824
PANX1	FALSE	FALSE	FALSE	FALSE	0.0495979738800356
IL23A	FALSE	FALSE	FALSE	FALSE	0.215949709671596
CYP27B1	FALSE	FALSE	FALSE	FALSE	0.222852643649903
MYF6	FALSE	FALSE	FALSE	FALSE	0.0670918488819128
IFNG	FALSE	FALSE	FALSE	FALSE	0.0435766142134817
TMEM30A	FALSE	FALSE	FALSE	FALSE	NA
LAMA4	FALSE	FALSE	FALSE	FALSE	-0.11861844471005
LOX	FALSE	FALSE	FALSE	FALSE	0.0171078835146625
SPARC	FALSE	FALSE	FALSE	FALSE	-0.0241633572803828
IL4	FALSE	FALSE	FALSE	FALSE	-0.0697972395894135
IL5	FALSE	FALSE	FALSE	FALSE	-0.14673066426427
RBP2	TRUE	FALSE	TRUE	FALSE	-0.590804661484441
TFPI	FALSE	FALSE	FALSE	FALSE	-0.14214543389825
KCNJ13	FALSE	FALSE	FALSE	FALSE	0.00689662674323266
PRTN3	FALSE	FALSE	FALSE	FALSE	-0.200757692421456
GRIN3B	FALSE	FALSE	FALSE	FALSE	-0.136395759002362
SPR	FALSE	FALSE	FALSE	FALSE	0.044425744662778
AKR7A2	FALSE	FALSE	FALSE	FALSE	0.00718405275800649
P3H1	FALSE	FALSE	FALSE	FALSE	0.0820129330030515
MMP8	FALSE	FALSE	FALSE	FALSE	0.177532592046124
FGF23	FALSE	FALSE	FALSE	FALSE	-0.0419553757119093
SERPINB10	FALSE	FALSE	FALSE	FALSE	-0.160576116427558
TGFB3	FALSE	FALSE	FALSE	FALSE	-0.00884195108548802
HOXB8	FALSE	FALSE	FALSE	FALSE	0.163230183621124
HOXB5	FALSE	FALSE	FALSE	FALSE	-0.102768222892025
HOXB7	FALSE	FALSE	FALSE	FALSE	0.184354406337629
EGR1	FALSE	FALSE	FALSE	FALSE	-0.142077623001953
DLX4	FALSE	FALSE	FALSE	FALSE	0.100858649996264
ZNF141	FALSE	FALSE	FALSE	FALSE	-0.0109497789667543
HOXA7	FALSE	FALSE	FALSE	FALSE	-0.0933227736140205
INHBA	FALSE	FALSE	FALSE	FALSE	-0.0631627514369963
TWIST1	FALSE	FALSE	FALSE	FALSE	0.361876970492754
ZNF442	FALSE	FALSE	FALSE	FALSE	-0.127255108289462
NEUROD4	FALSE	FALSE	FALSE	FALSE	0.0307658671764486
FAAH	FALSE	FALSE	FALSE	FALSE	-0.0419915313139656
MAGEA9	FALSE	FALSE	FALSE	FALSE	0.282498623418455
PI3	FALSE	FALSE	FALSE	FALSE	0.172114523581702
SNAI1	FALSE	FALSE	FALSE	FALSE	-0.0845269384680494
MAGEA10	FALSE	FALSE	FALSE	FALSE	0.365525205515183
EREG	FALSE	FALSE	FALSE	FALSE	-0.171111732381084
TCF15	FALSE	FALSE	FALSE	FALSE	-0.0727518465602746
KRT13	FALSE	FALSE	FALSE	FALSE	0.103773888753783
KRT38	FALSE	FALSE	FALSE	FALSE	0.132188563990017
KRT9	FALSE	FALSE	FALSE	FALSE	0.275189957889146
CTAG2	FALSE	FALSE	FALSE	FALSE	0.213515157112063
FBXL12	FALSE	FALSE	FALSE	FALSE	-0.0221584729631843
LIF	FALSE	FALSE	FALSE	FALSE	-0.00505250154215986
HOXD10	FALSE	FALSE	FALSE	FALSE	0.404654694796331
ALDH1A2	FALSE	FALSE	FALSE	FALSE	-0.309687802595544
TPH1	FALSE	FALSE	FALSE	FALSE	-0.0231601274114661
CD68	FALSE	FALSE	FALSE	FALSE	-0.236850683467185
CMA1	FALSE	FALSE	FALSE	FALSE	-0.356127843170588
EGLN3	FALSE	FALSE	FALSE	FALSE	0.236718334093113
PBX4	FALSE	FALSE	FALSE	FALSE	0.0229779631944682
ADAMTS2	FALSE	FALSE	FALSE	FALSE	0.0332988158160878
KRT31	FALSE	FALSE	FALSE	FALSE	0.430563155987624
KRT33B	FALSE	FALSE	FALSE	FALSE	0.167952972985628
KRT5	FALSE	FALSE	FALSE	FALSE	0.265790796379356
KRT1	FALSE	FALSE	FALSE	FALSE	-0.155307323704568
KRT75	TRUE	TRUE	FALSE	FALSE	0.518036564749376
KRT6C	TRUE	TRUE	FALSE	FALSE	0.596362424947531
KRT6B	TRUE	TRUE	FALSE	FALSE	0.592378777847222
COLGALT1	FALSE	FALSE	FALSE	FALSE	0.0153859850524745
CACNG6	FALSE	FALSE	FALSE	FALSE	-0.454307478996136
ZSWIM6	FALSE	FALSE	FALSE	FALSE	-0.0242537323937286
PXDN	FALSE	FALSE	FALSE	FALSE	0.0297073498831324
PRDM12	FALSE	FALSE	FALSE	FALSE	0.344788214256223
CCDC62	FALSE	FALSE	FALSE	FALSE	0.0107457728387486
BPIFA2	FALSE	FALSE	FALSE	FALSE	0.108697153979506
BARX1	TRUE	TRUE	FALSE	FALSE	0.78444224663259
LGALS3	FALSE	FALSE	FALSE	FALSE	-0.06988381573687
ZSWIM4	FALSE	FALSE	FALSE	FALSE	0.026108599083023
CHI3L1	FALSE	FALSE	FALSE	FALSE	0.0242765506142844
ADAMDEC1	FALSE	FALSE	FALSE	FALSE	0.269543868329539
TSHB	FALSE	FALSE	FALSE	FALSE	-0.192496448427954
FOLH1	FALSE	FALSE	FALSE	FALSE	0.102003370979332
DSG3	TRUE	TRUE	FALSE	FALSE	0.593686483934303
DSG1	FALSE	FALSE	FALSE	FALSE	0.384357891099946
DSC1	FALSE	FALSE	FALSE	FALSE	0.310104717177721
TCN1	FALSE	FALSE	FALSE	FALSE	0.403559180637256
HILPDA	FALSE	FALSE	FALSE	FALSE	0.147119303137666
KRT85	FALSE	FALSE	FALSE	FALSE	-0.0659013077182493
PPP1R1A	FALSE	FALSE	FALSE	FALSE	-0.0905046634225863
KRT84	FALSE	FALSE	FALSE	FALSE	0.130983416646267
KRT82	FALSE	FALSE	FALSE	FALSE	0.0581227627286287
HTR2B	FALSE	FALSE	FALSE	FALSE	0.0074404816623499
IGF2BP3	FALSE	FALSE	FALSE	FALSE	0.416966748478504
IL1RN	FALSE	FALSE	FALSE	FALSE	-0.0063717857877581
IL36A	FALSE	FALSE	FALSE	FALSE	0.187073484801224
IL36B	FALSE	FALSE	FALSE	FALSE	0.155995927636932
HS6ST1	FALSE	FALSE	FALSE	FALSE	0.0626251162816018
HEMGN	FALSE	FALSE	FALSE	FALSE	-0.462064855904022
CTSV	FALSE	FALSE	FALSE	FALSE	0.319148169767717
TLR2	FALSE	FALSE	FALSE	FALSE	-0.115011273923201
PI15	FALSE	FALSE	FALSE	FALSE	0.274824994320223
SULF1	FALSE	FALSE	FALSE	FALSE	0.180383683286449
HTR3B	FALSE	FALSE	FALSE	FALSE	0.189540706240249
MMP7	FALSE	FALSE	FALSE	FALSE	0.0716899110389981
MMP20	FALSE	FALSE	FALSE	FALSE	0.176632430112131
FDX1	FALSE	FALSE	FALSE	FALSE	-0.0401974433603725
MMP13	TRUE	TRUE	FALSE	TRUE	0.632704363356139
THBS1	FALSE	FALSE	FALSE	FALSE	-0.0869753648737088
SLC49A4	FALSE	FALSE	FALSE	FALSE	-0.000243838192614199
EPYC	FALSE	FALSE	FALSE	FALSE	0.409351182416104
PPP2R5A	FALSE	FALSE	FALSE	FALSE	-0.0671479451457797
PPP2R3C	FALSE	FALSE	FALSE	FALSE	-0.036257328085803
DSG2	FALSE	FALSE	FALSE	FALSE	0.131197000385235
ALDH2	FALSE	FALSE	FALSE	FALSE	-0.147592766008737
CDH1	FALSE	FALSE	FALSE	FALSE	0.0695320261510437
CILP	FALSE	FALSE	FALSE	FALSE	0.137485667820193
CACNG4	FALSE	FALSE	FALSE	FALSE	-0.32033249209709
SMAD2	FALSE	FALSE	FALSE	FALSE	-0.0101185434588835
TRPA1	FALSE	FALSE	FALSE	FALSE	0.285126547794877
ELOB	FALSE	FALSE	FALSE	FALSE	0.0210744984764268
TIMP2	FALSE	FALSE	FALSE	FALSE	-0.089398252667122
METTL16	FALSE	FALSE	FALSE	FALSE	-0.0254358591667661
DGCR8	FALSE	FALSE	FALSE	FALSE	0.0340839337750314
GRIN2D	FALSE	FALSE	FALSE	FALSE	0.208112048372883
P2RX3	FALSE	FALSE	FALSE	FALSE	-0.0430905513595405
NOX4	FALSE	FALSE	FALSE	FALSE	0.120385007496486
TYR	FALSE	FALSE	FALSE	FALSE	0.061287826889953
PAX8	FALSE	FALSE	FALSE	FALSE	-0.076509659680144
IL1A	FALSE	FALSE	FALSE	FALSE	-0.164666765262135
IL1B	FALSE	FALSE	FALSE	FALSE	-0.131638818457632
P4HA1	FALSE	FALSE	FALSE	FALSE	0.0702843047701931
LHX4	FALSE	FALSE	FALSE	FALSE	0.0900711331556181
EPAS1	FALSE	FALSE	FALSE	FALSE	-0.219292325711248
PKP1	FALSE	FALSE	FALSE	FALSE	0.273555055913893
CDH3	FALSE	FALSE	FALSE	FALSE	0.254058153483713
UPK2	FALSE	FALSE	FALSE	FALSE	0.141294588993766
MCOLN1	FALSE	FALSE	FALSE	FALSE	-0.0973659328998604
LAMC2	FALSE	FALSE	FALSE	FALSE	0.0374826939286663
LCT	FALSE	FALSE	FALSE	FALSE	0.17249558343851
NID1	FALSE	FALSE	FALSE	FALSE	-0.0155958771170557
UPK1B	FALSE	FALSE	FALSE	FALSE	0.23240218678994
FAM13A	FALSE	FALSE	FALSE	FALSE	-0.0249688765253699
CSTA	FALSE	FALSE	FALSE	FALSE	0.0146193292498742
FGF2	FALSE	FALSE	FALSE	FALSE	-0.231010394081538
IL11	FALSE	FALSE	FALSE	FALSE	0.357597445870087
STAT3	FALSE	FALSE	FALSE	FALSE	-0.0310878191941013
KLKB1	FALSE	FALSE	FALSE	FALSE	-0.190734051334957
TP63	FALSE	FALSE	FALSE	FALSE	0.217427593120665
TMEM175	FALSE	FALSE	FALSE	FALSE	-0.0329168241522106
COL5A3	FALSE	FALSE	FALSE	FALSE	0.0308089551360533
ICAM1	FALSE	FALSE	FALSE	FALSE	-0.145583749446316
OLFM2	FALSE	FALSE	FALSE	FALSE	0.0438897999676131
PDE8B	FALSE	FALSE	FALSE	FALSE	-0.187346151314077
PPP2R3A	FALSE	FALSE	FALSE	FALSE	0.0489027257475847
VCAN	FALSE	FALSE	FALSE	FALSE	0.0774672567766856
CPEB4	FALSE	FALSE	FALSE	FALSE	-0.0798104031588283
TRPV5	FALSE	FALSE	FALSE	FALSE	-0.051878340724886
PITX1	TRUE	TRUE	FALSE	FALSE	0.679923029148622
RNF141	FALSE	FALSE	FALSE	FALSE	-0.0161732235629914
CPEB3	FALSE	FALSE	FALSE	FALSE	-0.095462001942427
TIMP3	FALSE	FALSE	FALSE	FALSE	-0.183084115330123
LUM	FALSE	FALSE	FALSE	FALSE	-0.0248956646173921
AMDHD1	FALSE	FALSE	FALSE	FALSE	-0.0976858000460332
DUOXA1	FALSE	FALSE	FALSE	FALSE	-0.223392720576887
FGF7	FALSE	FALSE	FALSE	FALSE	-0.174116629769271
RHCG	FALSE	FALSE	FALSE	FALSE	0.468235653737715
G6PC3	FALSE	FALSE	FALSE	FALSE	-0.00583089842126494
CDH2	FALSE	FALSE	FALSE	FALSE	0.0681260494165672
SERPINB13	FALSE	FALSE	FALSE	FALSE	0.455240047109324
ERBB2	FALSE	FALSE	FALSE	FALSE	0.0114934104984981
FEM1A	FALSE	FALSE	FALSE	FALSE	-0.0662597093937354
CACNG8	FALSE	FALSE	FALSE	FALSE	-0.0171243298896497
CTSK	FALSE	FALSE	FALSE	FALSE	0.0576970966212604
CRNN	FALSE	FALSE	FALSE	FALSE	0.120300854830782
CNIH3	FALSE	FALSE	FALSE	FALSE	0.0533824053997911
GALM	FALSE	FALSE	FALSE	FALSE	-0.0278503585378616
MEIS1	FALSE	FALSE	FALSE	FALSE	-0.0959777600902116
ZKSCAN7	FALSE	FALSE	FALSE	FALSE	-0.0254045536650711
ATP10D	FALSE	FALSE	FALSE	FALSE	-0.045135851185651
SFRP2	FALSE	FALSE	FALSE	FALSE	0.0876362981847763
HAPLN1	FALSE	FALSE	FALSE	FALSE	0.0382351209675944
FEM1C	FALSE	FALSE	FALSE	FALSE	-0.0656460838639026
SPINK7	FALSE	FALSE	FALSE	FALSE	-0.0319055064589646
FGF18	FALSE	FALSE	FALSE	FALSE	-0.311537323660642
SLC18B1	FALSE	FALSE	FALSE	FALSE	0.0275150884673847
GGCT	FALSE	FALSE	FALSE	FALSE	0.16731995052154
IGFBP1	FALSE	FALSE	FALSE	FALSE	-0.0599473038533054
HTR2C	FALSE	FALSE	FALSE	FALSE	0.453872316217501
FADS3	FALSE	FALSE	FALSE	FALSE	-0.0927083183400308
MMP10	FALSE	FALSE	FALSE	FALSE	0.43821113347422
UHRF1BP1L	FALSE	FALSE	FALSE	FALSE	NA
IL18	FALSE	FALSE	FALSE	FALSE	-0.0635514592619097
PTS	FALSE	FALSE	FALSE	FALSE	0.107226346775332
DSC2	FALSE	FALSE	FALSE	FALSE	0.108116371230715
BMP6	FALSE	FALSE	FALSE	FALSE	-0.217027618895668
ITGB6	FALSE	FALSE	FALSE	FALSE	-0.0925880128685037
ADGRF4	TRUE	TRUE	FALSE	FALSE	0.55106332378169
SERPINB3	FALSE	FALSE	FALSE	FALSE	0.301968192581806
TMPRSS11D	TRUE	TRUE	FALSE	FALSE	0.532570546580455
HOXA10	TRUE	TRUE	FALSE	FALSE	0.546908878658071
ATP8B4	FALSE	FALSE	FALSE	FALSE	-0.035402620252003
ADAMTS1	FALSE	FALSE	FALSE	FALSE	-0.185744185502291
ADAMTS5	FALSE	FALSE	FALSE	FALSE	-0.0193328709164993
CA2	FALSE	FALSE	FALSE	FALSE	-0.203609017920898
CA3	FALSE	FALSE	FALSE	FALSE	-0.396570357845244
MAGEC1	FALSE	FALSE	FALSE	FALSE	0.322409612670801
AKR1B1	FALSE	FALSE	FALSE	FALSE	-0.00682134482172625
MMP16	FALSE	FALSE	FALSE	FALSE	0.0867067414201914
ADAMTS3	FALSE	FALSE	FALSE	FALSE	-0.0558992891103633
CXCL13	FALSE	FALSE	FALSE	FALSE	0.400189422349816
CLDN17	FALSE	FALSE	FALSE	FALSE	0.0449172138525489
NSMCE2	FALSE	FALSE	FALSE	FALSE	0.0475219006170642
NOMO1	FALSE	FALSE	FALSE	FALSE	0.0637699817540902
TIMP4	FALSE	FALSE	FALSE	FALSE	-0.117793487859833
IL17RB	FALSE	FALSE	FALSE	FALSE	-0.0502108822489209
HTR6	FALSE	FALSE	FALSE	FALSE	0.156132679118078
PRAC1	FALSE	FALSE	FALSE	FALSE	0.037535147097925
HOXB13	TRUE	TRUE	FALSE	FALSE	0.59427738977
IGF2BP1	TRUE	TRUE	FALSE	FALSE	0.554542768479879
BTG2	FALSE	FALSE	FALSE	FALSE	-0.119582262967953
PIP	FALSE	FALSE	FALSE	FALSE	-0.182523094177791
ZER1	FALSE	FALSE	FALSE	FALSE	-0.0342157180056617
S100A1	FALSE	FALSE	FALSE	FALSE	0.0076109251023917
AZGP1	FALSE	FALSE	FALSE	FALSE	-0.21539905546627
LY6K	FALSE	FALSE	FALSE	FALSE	0.411104954534662
HK3	FALSE	FALSE	FALSE	FALSE	-0.230412618079908
PGLYRP2	FALSE	FALSE	FALSE	FALSE	0.113242317183921
YDJC	FALSE	FALSE	FALSE	FALSE	0.144714274357158
GRIN2C	FALSE	FALSE	FALSE	FALSE	-0.0185728078782148
KRT83	FALSE	FALSE	FALSE	FALSE	0.406924925806607
KRT72	FALSE	FALSE	FALSE	FALSE	-0.0829567228967267
ZYG11B	FALSE	FALSE	FALSE	FALSE	-0.0359236075230465
GFI1	FALSE	FALSE	FALSE	FALSE	-0.0066020859227871
VCAM1	FALSE	FALSE	FALSE	FALSE	0.0120847381084959
IHH	TRUE	FALSE	TRUE	FALSE	-0.661354635477425
PRKCI	FALSE	FALSE	FALSE	FALSE	0.0370093184619922
ALB	FALSE	FALSE	FALSE	FALSE	-0.00180337921094686
PTX3	FALSE	FALSE	FALSE	FALSE	-0.23293410634919
PCOLCE2	FALSE	FALSE	FALSE	FALSE	-0.294326531507322
CXCL3	FALSE	FALSE	FALSE	FALSE	-0.235192075604412
CXCL5	FALSE	FALSE	FALSE	FALSE	-0.288895375530246
ITGA2	FALSE	FALSE	FALSE	FALSE	0.0954715936015198
CSF2	FALSE	FALSE	FALSE	FALSE	-0.179750609832415
FABP5	FALSE	FALSE	FALSE	FALSE	-0.0943583917464954
COL1A2	FALSE	FALSE	FALSE	FALSE	0.0701517253622157
ASIC3	FALSE	FALSE	FALSE	FALSE	0.0387074932833551
COL14A1	FALSE	FALSE	FALSE	FALSE	-0.111168174591931
HEPACAM	FALSE	FALSE	FALSE	FALSE	-0.00761874212667735
KLHDC2	FALSE	FALSE	FALSE	FALSE	-0.00862177283208609
HIF1AN	FALSE	FALSE	FALSE	FALSE	-0.00747781099117883
A2ML1	FALSE	FALSE	FALSE	FALSE	0.455310059439579
MMP3	TRUE	TRUE	FALSE	FALSE	0.530045106936655
CACNG2	FALSE	FALSE	FALSE	FALSE	0.0623656389127607
STAT6	FALSE	FALSE	FALSE	FALSE	-0.0344557948847495
B4GALNT2	FALSE	FALSE	FALSE	FALSE	0.0793655098829333
CA4	TRUE	FALSE	TRUE	FALSE	-0.733742954620998
CACNB3	FALSE	FALSE	FALSE	FALSE	0.0540647170292026
SPINT2	FALSE	FALSE	FALSE	FALSE	0.0794739264460969
LY6D	TRUE	TRUE	FALSE	FALSE	0.617754209392223
TRPV3	FALSE	FALSE	FALSE	FALSE	0.219023708017459
ANGPTL4	FALSE	FALSE	FALSE	FALSE	0.0805177893898099
KRT16	TRUE	TRUE	FALSE	FALSE	0.689365044817129
SOST	FALSE	FALSE	FALSE	FALSE	0.0227774089087278
ATOH1	FALSE	FALSE	FALSE	FALSE	0.103555144500489
MDM1	FALSE	FALSE	FALSE	FALSE	NA
SCEL	FALSE	FALSE	FALSE	FALSE	-0.279573159040799
KCNAB3	FALSE	FALSE	FALSE	FALSE	0.0802458053093842
ZNF280A	FALSE	FALSE	FALSE	FALSE	0.345004902662664
XAGE3	FALSE	FALSE	FALSE	FALSE	-0.29640960853872
DCXR	FALSE	FALSE	FALSE	FALSE	0.00514316928872471
DEFB4A	FALSE	FALSE	FALSE	FALSE	0.132982064055446
NUDT9	FALSE	FALSE	FALSE	FALSE	-0.0465038268455915
COL3A1	FALSE	FALSE	FALSE	FALSE	0.155944989552403
IL13	FALSE	FALSE	FALSE	FALSE	-0.254210379225833
KRT28	FALSE	FALSE	FALSE	FALSE	0.0141490108159563
CXCL10	FALSE	FALSE	FALSE	FALSE	0.060151870755373
BMP1	FALSE	FALSE	FALSE	FALSE	0.011499125586468
SMAD1	FALSE	FALSE	FALSE	FALSE	0.0511953552730064
SIK2	FALSE	FALSE	FALSE	FALSE	-0.0959657932040585
KRT78	FALSE	FALSE	FALSE	FALSE	0.478080600305849
SPRR1B	TRUE	TRUE	FALSE	FALSE	0.64939278294912
CXCL8	FALSE	FALSE	FALSE	FALSE	0.0242044410085018
CXCL11	FALSE	FALSE	FALSE	FALSE	-0.0178831751346831
GLB1	FALSE	FALSE	FALSE	FALSE	-0.0325675739020399
KRT73	FALSE	FALSE	FALSE	FALSE	-0.0939282360552749
DEGS2	FALSE	FALSE	FALSE	FALSE	-0.077158388557125
TEX37	FALSE	FALSE	FALSE	FALSE	NA
KRT74	FALSE	FALSE	FALSE	FALSE	0.321832113977045
FEM1B	FALSE	FALSE	FALSE	FALSE	-0.00253501308523063
TMPRSS11E	TRUE	TRUE	FALSE	FALSE	0.713581315270408
HTR1E	FALSE	FALSE	FALSE	FALSE	0.0440524620084046
GLUL	FALSE	FALSE	FALSE	FALSE	-0.0362062350400558
DST	FALSE	FALSE	FALSE	FALSE	-0.0426517962908326
AMZ1	FALSE	FALSE	FALSE	FALSE	-0.0504689670448908
MMP14	FALSE	FALSE	FALSE	FALSE	0.0856227449611922
COMMD1	FALSE	FALSE	FALSE	FALSE	0.0159175881098204
KRT17	FALSE	FALSE	FALSE	FALSE	0.31009595529707
PRSS1	FALSE	FALSE	FALSE	FALSE	0.374098090582755
RIC3	FALSE	FALSE	FALSE	FALSE	-0.232586990534278
PLG	FALSE	FALSE	FALSE	FALSE	-0.269535874316245
VWC2L	FALSE	FALSE	FALSE	FALSE	-0.0674727348551203
HOXB9	TRUE	TRUE	FALSE	FALSE	0.621104537941489
GLIS1	FALSE	FALSE	FALSE	FALSE	0.116843615838029
ADAM17	FALSE	FALSE	FALSE	FALSE	0.000223700641083902
CNIH2	FALSE	FALSE	FALSE	FALSE	0.127298233831807
MRGPRD	FALSE	FALSE	FALSE	FALSE	0.0167094141363799
KRT2	FALSE	FALSE	FALSE	FALSE	0.0308398787843585
ATP8B3	FALSE	FALSE	FALSE	FALSE	0.0678026069714717
PPP2R1B	FALSE	FALSE	FALSE	FALSE	0.0329957872427524
KLK10	FALSE	FALSE	FALSE	FALSE	-0.204240277181948
SSX5	FALSE	FALSE	FALSE	FALSE	-0.000588539111282316
MMP19	FALSE	FALSE	FALSE	FALSE	-0.200464897336926
LGALS7B	FALSE	FALSE	FALSE	FALSE	NA
ATP10B	TRUE	TRUE	FALSE	FALSE	0.536510807621799
KLHDC3	FALSE	FALSE	FALSE	FALSE	0.0159933874192042
CA5B	FALSE	FALSE	FALSE	FALSE	-0.0865507401790033
KLK3	FALSE	FALSE	FALSE	FALSE	-0.129728673240305
CA8	FALSE	FALSE	FALSE	FALSE	-0.196356449278524
IL1RAP	FALSE	FALSE	FALSE	FALSE	0.0455625929732175
MAGEF1	FALSE	FALSE	FALSE	FALSE	0.0725070336807434
GJD4	FALSE	FALSE	FALSE	FALSE	0.00375488751279107
CLU	FALSE	FALSE	FALSE	FALSE	-0.115401569190646
HOXD8	FALSE	FALSE	FALSE	FALSE	0.0811863757284117
LCE1D	FALSE	FALSE	FALSE	FALSE	0.00370825061147961
P3H2	FALSE	FALSE	FALSE	FALSE	-0.19054697105157
RPTN	FALSE	FALSE	FALSE	FALSE	0.259784072660887
COL26A1	FALSE	FALSE	FALSE	FALSE	-0.0317570808199692
CA13	FALSE	FALSE	FALSE	FALSE	-0.0658325105411119
DHFR2	FALSE	FALSE	FALSE	FALSE	-0.0293485769538382
CXCR2	FALSE	FALSE	FALSE	FALSE	-0.336704100436123
DUOXA2	FALSE	FALSE	FALSE	FALSE	-0.0362463462058988
OPA3	FALSE	FALSE	FALSE	FALSE	-0.0170035301036116
EZH2	FALSE	FALSE	FALSE	FALSE	0.280939158399011
ATP11B	FALSE	FALSE	FALSE	FALSE	0.0545108714987705
F2R	FALSE	FALSE	FALSE	FALSE	-0.0453166297717855
ASB4	FALSE	FALSE	FALSE	FALSE	-0.199501193541502
DCBLD2	FALSE	FALSE	FALSE	FALSE	0.0167113464578419
RIT2	FALSE	FALSE	FALSE	FALSE	-0.0151910286654688
ORAI3	FALSE	FALSE	FALSE	FALSE	0.0281934187825454
HTR3C	TRUE	FALSE	TRUE	FALSE	-0.771975202678933
OR5AK2	FALSE	FALSE	FALSE	FALSE	-0.0988255993607901
MMP1	TRUE	TRUE	FALSE	FALSE	0.503005022779218
SAGE1	FALSE	FALSE	FALSE	FALSE	0.230294343891464
CRTAP	FALSE	FALSE	FALSE	FALSE	-0.0580397054163706
PLEC	FALSE	FALSE	FALSE	FALSE	0.0121575952497031
TRPM8	TRUE	TRUE	FALSE	FALSE	0.543110489315721
A2M	FALSE	FALSE	FALSE	FALSE	-0.19953407039166
LAMA3	FALSE	FALSE	FALSE	FALSE	-0.0982533827157672
COL12A1	FALSE	FALSE	FALSE	FALSE	-0.0315645010680363
PKD2L1	FALSE	FALSE	FALSE	FALSE	-0.219996220386679
FBN1	FALSE	FALSE	FALSE	FALSE	-0.0191937162358276
PLAG1	FALSE	FALSE	FALSE	FALSE	0.0144780380414362
GJC3	FALSE	FALSE	FALSE	FALSE	-0.102416381763039
SERTAD2	FALSE	FALSE	FALSE	FALSE	0.0306511298263663
BGN	FALSE	FALSE	FALSE	FALSE	-0.00386945303671027
CSF1	FALSE	FALSE	FALSE	FALSE	-0.101811610143899
YAF2	FALSE	FALSE	FALSE	FALSE	0.00161440161233362
FAM110C	FALSE	FALSE	FALSE	FALSE	0.0541888157361345
KRT79	FALSE	FALSE	FALSE	FALSE	-0.329438588482719
TPH2	FALSE	FALSE	FALSE	FALSE	0.0142094975610627
KRT36	FALSE	FALSE	FALSE	FALSE	0.225964381224417
KRT7	FALSE	FALSE	FALSE	FALSE	-0.0840328501111767
TPO	FALSE	FALSE	FALSE	FALSE	0.130960318816537
KRT76	FALSE	FALSE	FALSE	FALSE	0.0856551911131875
SPRR3	TRUE	TRUE	FALSE	FALSE	0.555403935765008
TMPRSS11B	FALSE	FALSE	FALSE	FALSE	0.13153197293108
C11orf54	FALSE	FALSE	FALSE	FALSE	NA
BCAN	FALSE	FALSE	FALSE	FALSE	0.235724025358492
PKP3	FALSE	FALSE	FALSE	FALSE	0.159773607230061
SPRR4	FALSE	FALSE	FALSE	FALSE	0.176936485320376
COL7A1	FALSE	FALSE	FALSE	FALSE	0.382263093625252
CTAG1B	FALSE	FALSE	FALSE	FALSE	0.0279517941490548
SMAD3	FALSE	FALSE	FALSE	FALSE	0.0194348146044749
SERPINA5	FALSE	FALSE	FALSE	FALSE	0.00243282467193762
MAGEA2B	FALSE	FALSE	FALSE	FALSE	NA
MIPOL1	FALSE	FALSE	FALSE	FALSE	0.00421151208828707
BSG	FALSE	FALSE	FALSE	FALSE	0.00767397168346839
LCE5A	FALSE	FALSE	FALSE	FALSE	0.0182053174327859
FGF3	FALSE	FALSE	FALSE	FALSE	0.112512832444493
KLHDC10	FALSE	FALSE	FALSE	FALSE	-0.0020447604123186
LCE1F	FALSE	FALSE	FALSE	FALSE	0.0906571712500268
CYP2R1	FALSE	FALSE	FALSE	FALSE	0.0299708658045947
TMPRSS11A	TRUE	TRUE	FALSE	FALSE	0.526930569928919
KCNK18	FALSE	FALSE	FALSE	FALSE	0.0190319221781765
KRT26	FALSE	FALSE	FALSE	FALSE	0.00643340402373171
ADGRA3	FALSE	FALSE	FALSE	FALSE	0.0621760669886626
LCE3A	FALSE	FALSE	FALSE	FALSE	0.123671217553756
TBX10	FALSE	FALSE	FALSE	FALSE	0.297186667928847
CDCA4	FALSE	FALSE	FALSE	FALSE	0.194850712045725
IL17F	FALSE	FALSE	FALSE	FALSE	0.0044243389081462
PPP2R5E	FALSE	FALSE	FALSE	FALSE	0.0155519392265386
KLK5	FALSE	FALSE	FALSE	FALSE	-0.220823655154255
TASP1	FALSE	FALSE	FALSE	FALSE	0.0100212469280265
SSX2	FALSE	FALSE	FALSE	FALSE	0.0182786154758139
KRTDAP	FALSE	FALSE	FALSE	FALSE	0.132860296937231
PLAUR	FALSE	FALSE	FALSE	FALSE	-0.0307087644311972
KRCC1	FALSE	FALSE	FALSE	FALSE	-0.0230636138004128
RBPMS	FALSE	FALSE	FALSE	FALSE	-0.114409652607749
LMX1A	FALSE	FALSE	FALSE	FALSE	-0.0684972669643704
PPL	FALSE	FALSE	FALSE	FALSE	-0.0341160177985067
GJB5	FALSE	FALSE	FALSE	FALSE	0.421193782100911
SFN	FALSE	FALSE	FALSE	FALSE	0.155482029923533
ZNF772	FALSE	FALSE	FALSE	FALSE	0.0362245716571277
TNNI3	FALSE	FALSE	FALSE	FALSE	0.149934446595683
DMKN	FALSE	FALSE	FALSE	FALSE	-0.0222439774529182
SPINT1	FALSE	FALSE	FALSE	FALSE	0.0515909964681072
TRPV2	FALSE	FALSE	FALSE	FALSE	-0.206609217342872
KRT77	FALSE	FALSE	FALSE	FALSE	0.254355446013275
POU1F1	FALSE	FALSE	FALSE	FALSE	-0.306370310315167
TRIM29	FALSE	FALSE	FALSE	FALSE	0.209139931063168
FOXN3	FALSE	FALSE	FALSE	FALSE	-0.0647199586069833
P2RX2	FALSE	FALSE	FALSE	FALSE	-0.447850235765327
GPR18	FALSE	FALSE	FALSE	FALSE	0.0111033413477699
SERPINB4	TRUE	TRUE	FALSE	FALSE	0.557582901689933
HOXA9	FALSE	FALSE	FALSE	FALSE	0.104535459583746
GJA4	FALSE	FALSE	FALSE	FALSE	-0.18999925230004
BSX	FALSE	FALSE	FALSE	FALSE	0.0254928930877454
LIN28B	FALSE	FALSE	FALSE	FALSE	0.263326605051315
CRTC1	FALSE	FALSE	FALSE	FALSE	-0.0427120935416543
CTSL	FALSE	FALSE	FALSE	FALSE	-0.051568567601592
CA7	FALSE	FALSE	FALSE	FALSE	0.210262491412919
CTSB	FALSE	FALSE	FALSE	FALSE	0.012186509542774
ALDH3A2	FALSE	FALSE	FALSE	FALSE	-0.0388400068357413
GJB4	FALSE	FALSE	FALSE	FALSE	0.433286610918302
HKDC1	FALSE	FALSE	FALSE	FALSE	-0.042072500855908
FMOD	FALSE	FALSE	FALSE	FALSE	-0.0640985675562149
OCLN	FALSE	FALSE	FALSE	FALSE	-0.116215626833914
DPF1	FALSE	FALSE	FALSE	FALSE	0.204491283309
DHCR7	FALSE	FALSE	FALSE	FALSE	0.0345625248123511
HTR3A	TRUE	TRUE	FALSE	FALSE	0.524937327140441
KRT39	FALSE	FALSE	FALSE	FALSE	-0.0469288643976542
KHDRBS3	FALSE	FALSE	FALSE	FALSE	-0.0829568158861962
STK39	FALSE	FALSE	FALSE	FALSE	0.0899181301485523
COL27A1	FALSE	FALSE	FALSE	FALSE	0.0655265237461435
ACMSD	FALSE	FALSE	FALSE	FALSE	0.019375312156523
PXDNL	FALSE	FALSE	FALSE	FALSE	-0.00180909688545938
ORAI2	FALSE	FALSE	FALSE	FALSE	-0.000853168303979857
MAGEA1	FALSE	FALSE	FALSE	FALSE	0.411143970261143
PTBP1	FALSE	FALSE	FALSE	FALSE	0.0394304151751257
ELAVL4	FALSE	FALSE	FALSE	FALSE	0.124663244481194
COL9A1	FALSE	FALSE	FALSE	FALSE	0.198418819854708
LAGE3	FALSE	FALSE	FALSE	FALSE	0.107749569716934
FXR1	FALSE	FALSE	FALSE	FALSE	0.0691743318828921
TLL2	FALSE	FALSE	FALSE	FALSE	0.33216253643479
WTAP	FALSE	FALSE	FALSE	FALSE	-0.00406365515251661
CCL20	FALSE	FALSE	FALSE	FALSE	0.0432716774341655
GK2	FALSE	FALSE	FALSE	FALSE	-0.00838567557442005
ELN	FALSE	FALSE	FALSE	FALSE	-0.152871801200932
SPANXC	FALSE	FALSE	FALSE	FALSE	0.0984687379413534
CD163	FALSE	FALSE	FALSE	FALSE	-0.164159080097309
TRPV6	FALSE	FALSE	FALSE	FALSE	-0.0858993011467977
AKR1B10	TRUE	TRUE	FALSE	FALSE	0.721171282846703
DSG4	FALSE	FALSE	FALSE	FALSE	0.2812117122113
COL18A1	FALSE	FALSE	FALSE	FALSE	0.0454234855873539
TEAD4	FALSE	FALSE	FALSE	FALSE	-0.0193885051050673
MTCL1	FALSE	FALSE	FALSE	FALSE	0.115376035162389
SPINK5	FALSE	FALSE	FALSE	FALSE	0.00557577310051549
HLA-DRB1	FALSE	FALSE	FALSE	FALSE	-0.134468930618614
LCE1B	FALSE	FALSE	FALSE	FALSE	0.0643445366294264
MAGEA4	TRUE	TRUE	FALSE	FALSE	0.501103603668485
DSC3	FALSE	FALSE	FALSE	FALSE	0.341834756477991
DPP4	FALSE	FALSE	FALSE	FALSE	-0.0955671367575537
PCMTD1	FALSE	FALSE	FALSE	FALSE	-0.0380069052933543
FUT8	FALSE	FALSE	FALSE	FALSE	0.0799057498748885
MAGEC2	FALSE	FALSE	FALSE	FALSE	0.310599077138656
DRD2	FALSE	FALSE	FALSE	FALSE	0.0264720185546903
GJB1	FALSE	FALSE	FALSE	FALSE	-0.284638927687313
CXCL9	FALSE	FALSE	FALSE	FALSE	0.0455359831204021
SMC5	FALSE	FALSE	FALSE	FALSE	-0.0142088534627849
COLGALT2	FALSE	FALSE	FALSE	FALSE	-0.182583828621424
NSMCE1	FALSE	FALSE	FALSE	FALSE	0.0047988205822449
GRIN3A	FALSE	FALSE	FALSE	FALSE	-0.0594330987280518
COL6A1	FALSE	FALSE	FALSE	FALSE	-0.00320484967557988
AKR7A3	FALSE	FALSE	FALSE	FALSE	0.329332926699367
GAGE2A	FALSE	FALSE	FALSE	FALSE	NA
CNST	FALSE	FALSE	FALSE	FALSE	-0.0152484704649982
GJC2	FALSE	FALSE	FALSE	FALSE	-0.231733288829755
THBS2	FALSE	FALSE	FALSE	FALSE	0.196023236297625
TGFB2	FALSE	FALSE	FALSE	FALSE	-0.179757170533462
C4BPA	FALSE	FALSE	FALSE	FALSE	-0.345865211044741
LHX9	FALSE	FALSE	FALSE	FALSE	-0.328720506214169
PTGS2	FALSE	FALSE	FALSE	FALSE	-0.130093749946141
IER5	FALSE	FALSE	FALSE	FALSE	-0.035646343396655
DPT	FALSE	FALSE	FALSE	FALSE	-0.23079499882607
TBX19	FALSE	FALSE	FALSE	FALSE	0.0352038821861189
DDR2	FALSE	FALSE	FALSE	FALSE	-0.144117703860372
CCN2	FALSE	FALSE	FALSE	FALSE	-0.148847914091488
ADAMTS4	FALSE	FALSE	FALSE	FALSE	-0.0328268737329989
PYHIN1	FALSE	FALSE	FALSE	FALSE	-0.104480934501275
TSPYL1	FALSE	FALSE	FALSE	FALSE	-0.0579800443811749
ADAM12	FALSE	FALSE	FALSE	FALSE	0.27859682411597
S100A14	FALSE	FALSE	FALSE	FALSE	0.018044890734461
S100A3	FALSE	FALSE	FALSE	FALSE	-0.234977977804069
S100A6	FALSE	FALSE	FALSE	FALSE	-0.0279127410041866
S100A7	FALSE	FALSE	FALSE	FALSE	0.46744489220514
S100A7A	FALSE	FALSE	FALSE	FALSE	0.356931062010044
S100A12	FALSE	FALSE	FALSE	FALSE	-0.287448009498271
S100A9	FALSE	FALSE	FALSE	FALSE	0.00680992438009564
LELP1	FALSE	FALSE	FALSE	FALSE	0.0274645780099547
SPRR2G	FALSE	FALSE	FALSE	FALSE	0.182168246261967
SPRR2E	FALSE	FALSE	FALSE	FALSE	0.315119524738276
SPRR2B	FALSE	FALSE	FALSE	FALSE	0.162182212639788
SPRR2D	FALSE	FALSE	FALSE	FALSE	0.442330396697898
LCE1E	FALSE	FALSE	FALSE	FALSE	0.0595102725456158
LCE4A	FALSE	FALSE	FALSE	FALSE	-0.00045695073843488
LCE2A	FALSE	FALSE	FALSE	FALSE	-0.0867413107577306
LCE2B	FALSE	FALSE	FALSE	FALSE	0.0275672475060711
LCE2C	FALSE	FALSE	FALSE	FALSE	0.0345780692986724
LCE2D	FALSE	FALSE	FALSE	FALSE	0.0144962491060738
LCE3D	FALSE	FALSE	FALSE	FALSE	0.218124876081502
LCE3E	FALSE	FALSE	FALSE	FALSE	0.146608534385694
CRCT1	FALSE	FALSE	FALSE	FALSE	0.255617428290337
FLG	FALSE	FALSE	FALSE	FALSE	-0.0158755752335251
S100A10	FALSE	FALSE	FALSE	FALSE	-0.0454533588613115
CTSS	FALSE	FALSE	FALSE	FALSE	-0.120423745595056
NSMCE4A	FALSE	FALSE	FALSE	FALSE	0.00402406010436529
ECM1	FALSE	FALSE	FALSE	FALSE	0.033560784048821
CA14	FALSE	FALSE	FALSE	FALSE	0.000557039865275222
VAX1	FALSE	FALSE	FALSE	FALSE	0.29349775777899
SLC16A4	FALSE	FALSE	FALSE	FALSE	-0.160971045564296
HTR1B	FALSE	FALSE	FALSE	FALSE	-0.140951512284269
IRAK1	FALSE	FALSE	FALSE	FALSE	0.0913011634468637
COL11A1	TRUE	TRUE	FALSE	TRUE	0.629611717855328
HAUS7	FALSE	FALSE	FALSE	FALSE	0.0528253353058572
CSAG1	FALSE	FALSE	FALSE	FALSE	0.422586531253008
NKAIN4	FALSE	FALSE	FALSE	FALSE	0.25894264668389
YTHDF1	FALSE	FALSE	FALSE	FALSE	0.0389267842353922
FATE1	FALSE	FALSE	FALSE	FALSE	0.027191088549209
PASD1	FALSE	FALSE	FALSE	FALSE	0.0760363884367754
GLMN	FALSE	FALSE	FALSE	FALSE	0.069644787447527
FMR1NB	FALSE	FALSE	FALSE	FALSE	0.0650992546009084
SPANXD	FALSE	FALSE	FALSE	FALSE	0.0879332656837275
SPANXA2	FALSE	FALSE	FALSE	FALSE	0.00230529903266241
SPANXA1	FALSE	FALSE	FALSE	FALSE	0.00140180015391289
CLCA2	FALSE	FALSE	FALSE	FALSE	0.212666032744705
MCOLN3	FALSE	FALSE	FALSE	FALSE	-0.109806501401912
MCOLN2	FALSE	FALSE	FALSE	FALSE	-0.0541571180995923
BMP5	FALSE	FALSE	FALSE	FALSE	-0.299757856487732
JUN	FALSE	FALSE	FALSE	FALSE	-0.0913505234275434
ZNF217	FALSE	FALSE	FALSE	FALSE	0.0931974144595582
ZYG11A	TRUE	TRUE	FALSE	FALSE	0.669948475462043
LHX3	FALSE	FALSE	FALSE	FALSE	0.136587832744201
COL5A1	FALSE	FALSE	FALSE	FALSE	0.125011185970503
CT83	FALSE	FALSE	FALSE	FALSE	0.385927822182803
PTEN	FALSE	FALSE	FALSE	FALSE	-0.0412044917938328
OPN4	FALSE	FALSE	FALSE	FALSE	0.0544189374249022
MMP9	FALSE	FALSE	FALSE	FALSE	0.192564103942055
PRRX2	FALSE	FALSE	FALSE	FALSE	0.213886602342762
ESX1	FALSE	FALSE	FALSE	FALSE	0.0754324970539075
DNTTIP1	FALSE	FALSE	FALSE	FALSE	0.0703253177754375
COL9A2	FALSE	FALSE	FALSE	FALSE	0.101845959060122
PLAU	FALSE	FALSE	FALSE	FALSE	0.17763812115532
WFDC5	FALSE	FALSE	FALSE	FALSE	0.0426898333827195
LCN2	FALSE	FALSE	FALSE	FALSE	0.076438010395945
TNMD	FALSE	FALSE	FALSE	FALSE	-0.18696862611782
ADAMTS14	FALSE	FALSE	FALSE	FALSE	0.259785315580255
GJB3	FALSE	FALSE	FALSE	FALSE	0.380318613459572
PBX3	FALSE	FALSE	FALSE	FALSE	-0.0513484281471355
DENND1A	FALSE	FALSE	FALSE	FALSE	0.0347315622236657
COL16A1	FALSE	FALSE	FALSE	FALSE	0.0515027405745805
DKK1	FALSE	FALSE	FALSE	FALSE	0.0392433537171888
DRGX	FALSE	FALSE	FALSE	FALSE	-0.132128254407919
LIN28A	FALSE	FALSE	FALSE	FALSE	0.0284563626939702
GDF5	FALSE	FALSE	FALSE	FALSE	-0.222701024609902
HTR1D	FALSE	FALSE	FALSE	FALSE	0.113965357177614
HSPG2	FALSE	FALSE	FALSE	FALSE	-0.0380475977596859
COL11A2	FALSE	FALSE	FALSE	FALSE	0.101837533909753
ALPL	FALSE	FALSE	FALSE	FALSE	-0.241390490946168
COL5A2	FALSE	FALSE	FALSE	FALSE	0.143335663611657
COL15A1	FALSE	FALSE	FALSE	FALSE	0.0335555562877827
TRMO	FALSE	FALSE	FALSE	FALSE	-0.0526818768673536
STK19	FALSE	FALSE	FALSE	FALSE	NA
G6PC2	FALSE	FALSE	FALSE	FALSE	-0.290248013616472
PADI3	TRUE	TRUE	FALSE	FALSE	0.610897911960482
PADI1	TRUE	TRUE	FALSE	FALSE	0.582316111804818
LYZL1	FALSE	FALSE	FALSE	FALSE	-0.00155767092747183
ASPN	FALSE	FALSE	FALSE	FALSE	0.00372393948170302
XAGE1A	FALSE	FALSE	FALSE	FALSE	0.208145929606745
XAGE1B	FALSE	FALSE	FALSE	FALSE	0.156087544238651
LY6G6D	FALSE	FALSE	FALSE	FALSE	0.0043855908341639
CDSN	FALSE	FALSE	FALSE	FALSE	0.00679969202358333
KLK6	TRUE	TRUE	FALSE	FALSE	0.563183663351828
SSX1	FALSE	FALSE	FALSE	FALSE	0.137721313093175
POU4F1	TRUE	TRUE	FALSE	FALSE	0.510212238900491
CA6	FALSE	FALSE	FALSE	FALSE	0.174117507715989
HIF3A	FALSE	FALSE	FALSE	FALSE	-0.280979794493469
KRT40	FALSE	FALSE	FALSE	FALSE	-0.03779834671474
SPINK9	FALSE	FALSE	FALSE	FALSE	-0.00351107772351256
KCNAB2	FALSE	FALSE	FALSE	FALSE	-0.118452919891662
CA9	TRUE	TRUE	FALSE	TRUE	0.640856659421313
SLC35B4	FALSE	FALSE	FALSE	FALSE	0.0153885161585592
CCL7	FALSE	FALSE	FALSE	FALSE	0.251600799286994
LGALS7	FALSE	FALSE	FALSE	FALSE	0.388022519327369
UCMA	FALSE	FALSE	FALSE	FALSE	0.0180272949076157
BMP2	FALSE	FALSE	FALSE	FALSE	-0.228308899380933
WT1	FALSE	FALSE	FALSE	FALSE	0.189253826232524
GCM2	FALSE	FALSE	FALSE	FALSE	0.0011043774573718
LHFPL6	FALSE	FALSE	FALSE	FALSE	-0.17502145730378
POSTN	FALSE	FALSE	FALSE	FALSE	0.125287477460446
DSP	FALSE	FALSE	FALSE	FALSE	0.234555521310631
SMAD9	FALSE	FALSE	FALSE	FALSE	-0.222053712834184
KRT6A	TRUE	TRUE	FALSE	FALSE	0.649669974226625
KRT81	FALSE	FALSE	FALSE	FALSE	0.310907288424333
S100G	FALSE	FALSE	FALSE	FALSE	-0.0360126940692558
CALML5	FALSE	FALSE	FALSE	FALSE	0.498058835618971
LHFPL2	FALSE	FALSE	FALSE	FALSE	-0.0511847806870147
COL2A1	FALSE	FALSE	FALSE	FALSE	0.210029455677283
AKR1C3	FALSE	FALSE	FALSE	FALSE	0.0614884682019454
NFIB	FALSE	FALSE	FALSE	FALSE	-0.0793275966810221
IGFBP3	FALSE	FALSE	FALSE	FALSE	0.164301546416321
TGM3	FALSE	FALSE	FALSE	FALSE	0.0442321930050098
MLANA	FALSE	FALSE	FALSE	FALSE	-0.0756110825110525
ATP8A1	FALSE	FALSE	FALSE	FALSE	-0.175607844822423
GPNMB	FALSE	FALSE	FALSE	FALSE	0.000328970270312645
C1QTNF9	FALSE	FALSE	FALSE	FALSE	-0.262052554943895
LCORL	FALSE	FALSE	FALSE	FALSE	-0.00500151877565269
FGFBP1	FALSE	FALSE	FALSE	FALSE	0.0913860456050122
FGF9	FALSE	FALSE	FALSE	FALSE	-0.260072181227304
HTR3D	FALSE	FALSE	FALSE	FALSE	-0.00369872160100648
CD9	FALSE	FALSE	FALSE	FALSE	-0.00653378189932585
PPP2R2C	TRUE	TRUE	FALSE	FALSE	0.547841320753191
CACNA2D4	FALSE	FALSE	FALSE	FALSE	-0.0484974504992355
SERPINB12	FALSE	FALSE	FALSE	FALSE	0.19301919385658
SERPINB5	TRUE	TRUE	FALSE	FALSE	0.64285888845274
GJB2	FALSE	FALSE	FALSE	FALSE	0.477431900307868
MSLN	FALSE	FALSE	FALSE	FALSE	-0.260414175583063
TRIM71	TRUE	FALSE	TRUE	FALSE	-0.534262960975947
FLG2	FALSE	FALSE	FALSE	FALSE	0.0607509870639147
LAMA1	FALSE	FALSE	FALSE	FALSE	0.106948786644595
PKP4	FALSE	FALSE	FALSE	FALSE	0.032523716961486
PPP2R3B	FALSE	FALSE	FALSE	FALSE	0.110256151624674
CACNG7	FALSE	FALSE	FALSE	FALSE	0.067721703284092
KLK14	FALSE	FALSE	FALSE	FALSE	-0.0114771385462431
KLK8	FALSE	FALSE	FALSE	FALSE	0.385686792796462
LAMB3	FALSE	FALSE	FALSE	FALSE	0.0593789790164374
SPRR2A	FALSE	FALSE	FALSE	FALSE	0.366415283434697
ETS1	FALSE	FALSE	FALSE	FALSE	-0.129511043346188
IGF1	FALSE	FALSE	FALSE	FALSE	-0.0817255601177918
PTPA	FALSE	FALSE	FALSE	FALSE	0.00168802421721903
UBTD2	FALSE	FALSE	FALSE	FALSE	-0.00346681185653441
MAGEA12	FALSE	FALSE	FALSE	FALSE	0.361407305587868
JUP	FALSE	FALSE	FALSE	FALSE	0.0960772201951396
KRT15	FALSE	FALSE	FALSE	FALSE	0.316414942078483
KRT34	FALSE	FALSE	FALSE	FALSE	0.287371702628548
FAM122A	FALSE	FALSE	FALSE	FALSE	NA
CACNB1	FALSE	FALSE	FALSE	FALSE	-0.0248226649079033
LHX6	FALSE	FALSE	FALSE	FALSE	-0.14058394638538
PPP2R2B	FALSE	FALSE	FALSE	FALSE	-0.0044231994493984
MATR3	FALSE	FALSE	FALSE	FALSE	0.0377082677456304
KRT80	FALSE	FALSE	FALSE	FALSE	0.170590592799317
COL4A6	FALSE	FALSE	FALSE	FALSE	-0.0274884379886347
SPOCK1	FALSE	FALSE	FALSE	FALSE	0.268706697161059
SPP1	FALSE	FALSE	FALSE	FALSE	0.396450513694091
TYMP	FALSE	FALSE	FALSE	FALSE	0.0376921417071072
CXCL1	FALSE	FALSE	FALSE	FALSE	-0.0444582786545888
CXCL12	FALSE	FALSE	FALSE	FALSE	-0.169570107196062
PANX2	FALSE	FALSE	FALSE	FALSE	0.213256914995003
HLA-A	FALSE	FALSE	FALSE	FALSE	-0.027064389065651
AP1S3	FALSE	FALSE	FALSE	FALSE	-0.00746088345711282
WNT5B	FALSE	FALSE	FALSE	FALSE	0.0749943995821276
TNFSF11	FALSE	FALSE	FALSE	FALSE	0.404910645194851
GIN1	FALSE	FALSE	FALSE	FALSE	-0.0326883634024293
CLDN14	FALSE	FALSE	FALSE	FALSE	0.254413500291745
ALKBH5	FALSE	FALSE	FALSE	FALSE	-0.00637314425407798
KCNE1	FALSE	FALSE	FALSE	FALSE	-0.308855872865652
NOMO3	FALSE	FALSE	FALSE	FALSE	0.0368538626425972
COL28A1	FALSE	FALSE	FALSE	FALSE	0.0486331320808429
KRTAP5-4	FALSE	FALSE	FALSE	FALSE	0.0562086092795417
MAGEB16	FALSE	FALSE	FALSE	FALSE	0.0697113287758282
DMRTA2	TRUE	TRUE	FALSE	FALSE	0.61008422545539
PARVB	FALSE	FALSE	FALSE	FALSE	-0.0748850234066314
ETV2	FALSE	FALSE	FALSE	FALSE	0.0412900264830549
GPR12	FALSE	FALSE	FALSE	FALSE	-0.208700445383924
IL6	FALSE	FALSE	FALSE	FALSE	-0.246470485619359
NUCB1	FALSE	FALSE	FALSE	FALSE	-0.0544657888285052
CD207	FALSE	FALSE	FALSE	FALSE	-0.0668586868650847
IL1R1	FALSE	FALSE	FALSE	FALSE	-0.0932522226823416
CXCR4	FALSE	FALSE	FALSE	FALSE	-0.0304703938620978
AKR1B15	TRUE	TRUE	FALSE	FALSE	0.681268431518549
ACE2	FALSE	FALSE	FALSE	FALSE	-0.143246783179122
GLI2	FALSE	FALSE	FALSE	FALSE	0.046576324728516
IGF2	FALSE	FALSE	FALSE	FALSE	-0.124983862092221
KCNK2	FALSE	FALSE	FALSE	FALSE	0.164950900834044
FGF13	FALSE	FALSE	FALSE	FALSE	-0.00866909833668394
SOX5	FALSE	FALSE	FALSE	FALSE	-0.212020124128082
CD44	FALSE	FALSE	FALSE	FALSE	-0.0533082879161988
TNF	FALSE	FALSE	FALSE	FALSE	-0.113973612484739
HMGA1	FALSE	FALSE	FALSE	FALSE	0.196691436073793
PPP2R2D	FALSE	FALSE	FALSE	FALSE	0.00540599242168582
CBLL1	FALSE	FALSE	FALSE	FALSE	0.0110861907699187
SERPINB2	FALSE	FALSE	FALSE	FALSE	0.0200965286150279
PMEL	FALSE	FALSE	FALSE	FALSE	0.0909569317410179
KCNK4	FALSE	FALSE	FALSE	FALSE	0.0232049275164385
SIGIRR	FALSE	FALSE	FALSE	FALSE	-0.0420399221316394
SMC6	FALSE	FALSE	FALSE	FALSE	0.0742598121618068
PBX1	FALSE	FALSE	FALSE	FALSE	-0.0639389226135929
PNCK	TRUE	TRUE	FALSE	FALSE	0.508687549381717
HTR3E	FALSE	FALSE	FALSE	FALSE	-0.0590527149855991
TRPV4	FALSE	FALSE	FALSE	FALSE	0.0988870113738525
CCNB1IP1	FALSE	FALSE	FALSE	FALSE	0.0198856325562664
IGF2BP2	FALSE	FALSE	FALSE	FALSE	0.0953543910337187
TMPRSS3	FALSE	FALSE	FALSE	FALSE	-0.163770590202477
LCE6A	FALSE	FALSE	FALSE	FALSE	0.00729095549238767
ALDH3A1	FALSE	FALSE	FALSE	FALSE	0.0509094036646776
IL10	FALSE	FALSE	FALSE	FALSE	-0.0359030488786773
PPP2R5C	FALSE	FALSE	FALSE	FALSE	-0.0145326694835282
KRT3	FALSE	FALSE	FALSE	FALSE	0.39970068412467
CUL2	FALSE	FALSE	FALSE	FALSE	0.026301195113513
TMPRSS4	FALSE	FALSE	FALSE	FALSE	0.476371105434734
GAGE12G	FALSE	FALSE	FALSE	FALSE	NA
HOXB3	FALSE	FALSE	FALSE	FALSE	0.0671487990706705
IAH1	FALSE	FALSE	FALSE	FALSE	0.0385896956191933
SPRR2F	FALSE	FALSE	FALSE	FALSE	0.303879793092568
CDKN2A	FALSE	FALSE	FALSE	FALSE	0.250456823165979
CACNA2D3	FALSE	FALSE	FALSE	FALSE	-0.0193582312343663
WWTR1	FALSE	FALSE	FALSE	FALSE	-0.0774532220652535
KCNAB1	FALSE	FALSE	FALSE	FALSE	-0.213252204764715
HOXB6	FALSE	FALSE	FALSE	FALSE	-0.0354480237700203
ATP11A	FALSE	FALSE	FALSE	FALSE	-0.105855223916828
GC	FALSE	FALSE	FALSE	FALSE	0.0225273310796164
MAGED4B	FALSE	FALSE	FALSE	FALSE	0.260128459652099
FRG2	FALSE	FALSE	FALSE	FALSE	0.0870306577831088
FBN2	FALSE	FALSE	FALSE	FALSE	0.186585086216171
PKD2L2	FALSE	FALSE	FALSE	FALSE	-0.0193306240793909
CXCL2	FALSE	FALSE	FALSE	FALSE	-0.274382645540362
STAU2	FALSE	FALSE	FALSE	FALSE	0.0424129628844883
COX6C	FALSE	FALSE	FALSE	FALSE	0.0566263967289284
STK3	FALSE	FALSE	FALSE	FALSE	0.0263405450267147
HMBOX1	FALSE	FALSE	FALSE	FALSE	-0.0698653439586767
CA1	FALSE	FALSE	FALSE	FALSE	-0.460271510089744
GPR61	FALSE	FALSE	FALSE	FALSE	0.107956989188311
SERPINH1	FALSE	FALSE	FALSE	FALSE	0.0782718480129203
EID3	FALSE	FALSE	FALSE	FALSE	-0.056463251035062
CACNG5	FALSE	FALSE	FALSE	FALSE	0.329916600174996
HMGA2	TRUE	TRUE	FALSE	FALSE	0.601682252289694
HTR2A	FALSE	FALSE	FALSE	FALSE	-0.0992730500641184
HIF1A	FALSE	FALSE	FALSE	FALSE	0.0533330688646645
MAGEA8	FALSE	FALSE	FALSE	FALSE	0.195665611275138
TSHR	FALSE	FALSE	FALSE	FALSE	0.25616222189069
SMAD5	FALSE	FALSE	FALSE	FALSE	0.00717934816702304
IL22	FALSE	FALSE	FALSE	FALSE	0.024857496341081
KRT86	FALSE	FALSE	FALSE	FALSE	0.0807318585451711
YTHDF2	FALSE	FALSE	FALSE	FALSE	0.00610976666753871
PRAME	TRUE	TRUE	FALSE	TRUE	0.849934342011569
FICD	FALSE	FALSE	FALSE	FALSE	-0.042407839236855
KRT4	FALSE	FALSE	FALSE	FALSE	-0.413655073868839
C17orf49	FALSE	FALSE	FALSE	FALSE	NA
KRT8	FALSE	FALSE	FALSE	FALSE	0.0570605453192607
ATP10A	FALSE	FALSE	FALSE	FALSE	-0.194569340225766
TMEM30B	FALSE	FALSE	FALSE	FALSE	NA
AKT1	FALSE	FALSE	FALSE	FALSE	-0.0150961553415474
SHISA9	FALSE	FALSE	FALSE	FALSE	0.0771990100925075
RBM15B	FALSE	FALSE	FALSE	FALSE	0.0011904019712734
GJE1	FALSE	FALSE	FALSE	FALSE	-0.00625653033846207
ZFP1	FALSE	FALSE	FALSE	FALSE	0.00169368985899787
USP10	FALSE	FALSE	FALSE	FALSE	0.0366150511618839
PECAM1	FALSE	FALSE	FALSE	FALSE	-0.209196130973822
DUX4	FALSE	FALSE	FALSE	FALSE	0.00755038038563427
MMP12	TRUE	TRUE	FALSE	FALSE	0.540141675763611
GJD3	FALSE	FALSE	FALSE	FALSE	-0.123586636556931
SLC16A3	FALSE	FALSE	FALSE	FALSE	0.0654220151061278
YTHDC1	FALSE	FALSE	FALSE	FALSE	-0.00319065351015624
EVPL	FALSE	FALSE	FALSE	FALSE	0.00988056360424494
ELANE	FALSE	FALSE	FALSE	FALSE	-0.387852433557674
GJC1	FALSE	FALSE	FALSE	FALSE	-0.0408833224536229
SSX4	FALSE	FALSE	FALSE	FALSE	0.0122285629169965
SSX4B	FALSE	FALSE	FALSE	FALSE	NA
CT45A1	FALSE	FALSE	FALSE	FALSE	-0.0392272593846466
KLK7	FALSE	FALSE	FALSE	FALSE	-0.215509979440958
KLK13	FALSE	FALSE	FALSE	FALSE	0.017544368320908
MAGED4	FALSE	FALSE	FALSE	FALSE	0.185494182386238
MAGEA3	TRUE	TRUE	FALSE	FALSE	0.577681938024478
UPP2	FALSE	FALSE	FALSE	FALSE	-0.0085469233677804
CCL5	FALSE	FALSE	FALSE	FALSE	-0.0674643871316443
LCE1C	FALSE	FALSE	FALSE	FALSE	0.135422899725691
U3KQP1_HUMAN	FALSE	FALSE	FALSE	FALSE	NA
CCL3	FALSE	FALSE	FALSE	FALSE	-0.092604663321179
SSX2B	FALSE	FALSE	FALSE	FALSE	0.00724213302067689
FOXI3	TRUE	TRUE	FALSE	FALSE	0.613819876715193
YTHDF3	FALSE	FALSE	FALSE	FALSE	7.95634894936725e-05
GAGE2E	FALSE	FALSE	FALSE	FALSE	0.100371512673503
YAP1	FALSE	FALSE	FALSE	FALSE	-0.0284753503497761
HOXA4	FALSE	FALSE	FALSE	FALSE	-0.253661009388994
VEGFC	FALSE	FALSE	FALSE	FALSE	-0.115472565108215
MAGEA6	FALSE	FALSE	FALSE	FALSE	NA
FADS6	TRUE	TRUE	FALSE	FALSE	0.509452009423629
FURIN	FALSE	FALSE	FALSE	FALSE	0.00654535832864767
HOXA3	FALSE	FALSE	FALSE	FALSE	0.0254610404007369
GAGE1	FALSE	FALSE	FALSE	FALSE	0.0780626084043519
MAGEA2	FALSE	FALSE	FALSE	FALSE	0.132850127359044
GIPC3	FALSE	FALSE	FALSE	FALSE	-0.179980473071933
SLC26A4	FALSE	FALSE	FALSE	FALSE	-0.102950978234434
GJB6	TRUE	TRUE	FALSE	FALSE	0.697403146033225
TMIE	FALSE	FALSE	FALSE	FALSE	-0.201778330868568
HK1	FALSE	FALSE	FALSE	FALSE	0.01326716092289
MYO15A	FALSE	FALSE	FALSE	FALSE	-0.0709344219778982
OTOA	FALSE	FALSE	FALSE	FALSE	-0.12802777325031
COL9A3	FALSE	FALSE	FALSE	FALSE	0.213242915022506
ATP8B1	FALSE	FALSE	FALSE	FALSE	0.0444795197399186
IL17A	FALSE	FALSE	FALSE	FALSE	0.101315751722636
TFAP2A	TRUE	TRUE	FALSE	FALSE	0.515926286902324
KNG1	FALSE	FALSE	FALSE	FALSE	0.0348306579220719
SVBP	FALSE	FALSE	FALSE	FALSE	0.0227917789698076
CRHR1-2	FALSE	FALSE	FALSE	FALSE	NA
H3-2	FALSE	FALSE	FALSE	FALSE	NA
NUSAP1	FALSE	FALSE	FALSE	FALSE	0.137456010673096
DUSP7	FALSE	FALSE	FALSE	FALSE	-0.0140230213910835
DENND2B	FALSE	FALSE	FALSE	FALSE	-0.0198983875119767
PIK3CB	FALSE	FALSE	FALSE	FALSE	0.0192623307070692
GDPGP1	FALSE	FALSE	FALSE	FALSE	0.0330196510595098
UGT2A2	FALSE	FALSE	FALSE	FALSE	0.0112226714085151
UGT2B11	FALSE	FALSE	FALSE	FALSE	0.15745846953467
BCL2L10	TRUE	TRUE	FALSE	FALSE	0.591133398466068
LYNX1	FALSE	FALSE	FALSE	FALSE	-0.113586763573991
ANXA11	FALSE	FALSE	FALSE	FALSE	-0.0463575716411011
LGMN	FALSE	FALSE	FALSE	FALSE	-0.0322318573642528
MUC5B	FALSE	FALSE	FALSE	FALSE	0.0227297748438415
FAM161B	FALSE	FALSE	FALSE	FALSE	-0.0655120205794386
SPDYE11	FALSE	FALSE	FALSE	FALSE	-0.00767757662876312
MBIP	FALSE	FALSE	FALSE	FALSE	-0.104496402122755
CEMP1	FALSE	FALSE	FALSE	FALSE	-0.00767757662876312
PRDM6	FALSE	FALSE	FALSE	FALSE	-0.160948660512951
DSPP	FALSE	FALSE	FALSE	FALSE	0.163036436452001
ADCY7	FALSE	FALSE	FALSE	FALSE	-0.0860740630995656
TBX4	FALSE	FALSE	FALSE	FALSE	-0.31189495629662
LDB1	FALSE	FALSE	FALSE	FALSE	0.0101501421633658
VSIG8	FALSE	FALSE	FALSE	FALSE	0.0641362742373479
ARSH	TRUE	TRUE	FALSE	FALSE	0.591717697391015
OR56A3	FALSE	FALSE	FALSE	FALSE	0.161948960329502
OR56A5	FALSE	FALSE	FALSE	FALSE	0.0711910929026018
OR4D9	FALSE	FALSE	FALSE	FALSE	-0.00745059228995082
OPN1MW3	FALSE	FALSE	FALSE	FALSE	-0.00767757662876312
ZNF277	FALSE	FALSE	FALSE	FALSE	-0.00597909230291727
MAGEB6	FALSE	FALSE	FALSE	FALSE	0.171877088276768
KRTAP7-1	FALSE	FALSE	FALSE	FALSE	0.0269285755361137
SPDYE6	FALSE	FALSE	FALSE	FALSE	0.0515273464886628
SPDYE5	FALSE	FALSE	FALSE	FALSE	0.0529678581211588
IL19	FALSE	FALSE	FALSE	FALSE	0.276093605500632
GABRR3	FALSE	FALSE	FALSE	FALSE	0.0878562325422223
ZP3	FALSE	FALSE	FALSE	FALSE	0.263906230092883
CHST9	FALSE	FALSE	FALSE	FALSE	-0.280153786445491
RHBG	TRUE	TRUE	FALSE	FALSE	0.537409825148456
GPR42	FALSE	FALSE	FALSE	FALSE	-0.0555758697863959
DAP	FALSE	FALSE	FALSE	FALSE	0.0428055369564584
B4GALT3	FALSE	FALSE	FALSE	FALSE	0.0685925413947972
SPDYE16	FALSE	FALSE	FALSE	FALSE	-0.2599474984765
TINCR	FALSE	FALSE	FALSE	FALSE	-0.134498155609155
DEFB133	FALSE	FALSE	FALSE	FALSE	-0.00827460332304231
ZNF80	FALSE	FALSE	FALSE	FALSE	0.0722941767876435
IGFL2	TRUE	TRUE	FALSE	FALSE	0.56196278067464
KCTD4	FALSE	FALSE	FALSE	FALSE	0.0112166278022583
SPATA31E1	FALSE	FALSE	FALSE	FALSE	0.0371927862799266
C5orf47	FALSE	FALSE	FALSE	FALSE	-0.0335643118162414
SPATA45	FALSE	FALSE	FALSE	FALSE	-0.013479817547756
TMEM210	FALSE	FALSE	FALSE	FALSE	0.0641169994078288
CBY3	FALSE	FALSE	FALSE	FALSE	0.157635288025419
PLEKHS1	FALSE	FALSE	FALSE	FALSE	-0.00264530353426906
LOC112577516	FALSE	FALSE	FALSE	FALSE	NA
CAMKK1	FALSE	FALSE	FALSE	FALSE	-0.0152936383246667
SMIM17	FALSE	FALSE	FALSE	FALSE	-0.0564461388822357
TBCC	FALSE	FALSE	FALSE	FALSE	0.0383662519826853
PGGHG	FALSE	FALSE	FALSE	FALSE	0.063743254807525
FAM222B	FALSE	FALSE	FALSE	FALSE	0.034312782739053
CCDC196	FALSE	FALSE	FALSE	FALSE	-0.0529895650222834
RAET1G	FALSE	FALSE	FALSE	FALSE	0.0218953179601922
SYT14	TRUE	TRUE	FALSE	FALSE	0.648828314057567
HR	FALSE	FALSE	FALSE	FALSE	0.107645506479341
PRAMEF18	FALSE	FALSE	FALSE	FALSE	-0.00445650384236806
TMEM82	FALSE	FALSE	FALSE	FALSE	0.183135423702273
SLC25A52	FALSE	FALSE	FALSE	FALSE	0.0273455664770532
SHISA8	FALSE	FALSE	FALSE	FALSE	0.295103835808876
HOXA13	FALSE	FALSE	FALSE	FALSE	0.489246622623723
CSAG3	FALSE	FALSE	FALSE	FALSE	0.31687075982289
CSAG2	FALSE	FALSE	FALSE	FALSE	NA
CA5A	FALSE	FALSE	FALSE	FALSE	0.14014534689064
GPR55	FALSE	FALSE	FALSE	FALSE	-0.0481748548078782
TCHH	FALSE	FALSE	FALSE	FALSE	-0.0265160918216765
COL17A1	FALSE	FALSE	FALSE	FALSE	0.402418658263743
PAH	FALSE	FALSE	FALSE	FALSE	0.346769451844852
PRG4	FALSE	FALSE	FALSE	FALSE	-0.484536125114549
PERP	FALSE	FALSE	FALSE	FALSE	0.146113056673586
ELOC	FALSE	FALSE	FALSE	FALSE	0.0627416038585551
PPP4R3C	FALSE	FALSE	FALSE	FALSE	0.133247440762124
S100A2	FALSE	FALSE	FALSE	FALSE	0.359768828384563
CCHCR1	FALSE	FALSE	FALSE	FALSE	0.102995062816344
SBSN	TRUE	TRUE	FALSE	FALSE	0.517408877592615
STAP2	FALSE	FALSE	FALSE	FALSE	0.103668909269694
GCLC	FALSE	FALSE	FALSE	FALSE	0.17177195732365
ZNF410	FALSE	FALSE	FALSE	FALSE	-0.0189774145592274
BFSP2	FALSE	FALSE	FALSE	FALSE	0.182033303753189
SMR3B	FALSE	FALSE	FALSE	FALSE	-0.00530704468285048
CPPED1	FALSE	FALSE	FALSE	FALSE	-0.0740673556242966
PITRM1	FALSE	FALSE	FALSE	FALSE	0.0132906658016783
B3GALNT1	FALSE	FALSE	FALSE	FALSE	-0.113007366122183
OPTC	FALSE	FALSE	FALSE	FALSE	0.0382014261878174
MEX3A	FALSE	FALSE	FALSE	FALSE	0.393262498088403
DHRS9	FALSE	FALSE	FALSE	FALSE	-0.0435540541471164
LCOR	FALSE	FALSE	FALSE	FALSE	0.0455769661990164
NOMO2	FALSE	FALSE	FALSE	FALSE	0.0237240775013232
LHFPL5	FALSE	FALSE	FALSE	FALSE	0.205113211936032
GK	FALSE	FALSE	FALSE	FALSE	-0.0697789770586823
RASAL1	FALSE	FALSE	FALSE	FALSE	0.478455559069698
CARD14	FALSE	FALSE	FALSE	FALSE	0.351566465654917
ATP8B2	FALSE	FALSE	FALSE	FALSE	-0.0353057478136352
IER2	FALSE	FALSE	FALSE	FALSE	-0.0697100945545257
PTPRH	TRUE	TRUE	FALSE	FALSE	0.516064022956914
PRR27	FALSE	FALSE	FALSE	FALSE	0.0412201881661636
GAGE12F	FALSE	FALSE	FALSE	FALSE	NA
C20orf141	FALSE	FALSE	FALSE	FALSE	0.0825647726866778
SYT12	TRUE	TRUE	FALSE	FALSE	0.509675873444493
LHB	FALSE	FALSE	FALSE	FALSE	0.249325521219232
LPP	FALSE	FALSE	FALSE	FALSE	-0.00860775652365842
CPEB2	FALSE	FALSE	FALSE	FALSE	-0.0695709596529044
TPTE	FALSE	FALSE	FALSE	FALSE	0.0431449337244669
KLK9	FALSE	FALSE	FALSE	FALSE	0.0151068346046834
MSMB	FALSE	FALSE	FALSE	FALSE	0.132338603921716
TRAPPC2	FALSE	FALSE	FALSE	FALSE	0.0273298594963354
TRIM69	FALSE	FALSE	FALSE	FALSE	-0.0356479922725628
SPINK6	FALSE	FALSE	FALSE	FALSE	-0.0225786763313165
ADGRA1	TRUE	FALSE	TRUE	FALSE	-0.504153522453223
ZBED5	FALSE	FALSE	FALSE	FALSE	0.0172798787320412
PRAC2	FALSE	FALSE	FALSE	FALSE	0.181763195733006
TLCD3A	FALSE	FALSE	FALSE	FALSE	0.089431199525297
THSD7B	FALSE	FALSE	FALSE	FALSE	0.0449330096132456
ZNF280B	FALSE	FALSE	FALSE	FALSE	0.172404175153113
OXNAD1	FALSE	FALSE	FALSE	FALSE	0.0155541813762783
ZNF813	FALSE	FALSE	FALSE	FALSE	0.00701508126219519
ZNF114	FALSE	FALSE	FALSE	FALSE	0.0360161570310913
TNFAIP8	FALSE	FALSE	FALSE	FALSE	-0.0155978237443692
OXER1	FALSE	FALSE	FALSE	FALSE	-0.048862483250308
TCAF2C	FALSE	FALSE	FALSE	FALSE	NA
TCAF2	FALSE	FALSE	FALSE	FALSE	-0.0252427746529991
TCAF1	FALSE	FALSE	FALSE	FALSE	-0.0280157121261713
CLN5	FALSE	FALSE	FALSE	FALSE	-0.0674120450376652
FAM122B	FALSE	FALSE	FALSE	FALSE	NA
PDE8B-2	FALSE	FALSE	FALSE	FALSE	NA
CDCP2	FALSE	FALSE	FALSE	FALSE	-0.0165012845183661
TIGD5	FALSE	FALSE	FALSE	FALSE	0.0803902025792782
TSPYL4	FALSE	FALSE	FALSE	FALSE	-0.0378690342287431
TEX28	FALSE	FALSE	FALSE	FALSE	-0.00338353192978413
HMX1	FALSE	FALSE	FALSE	FALSE	0.118075085771629
ANXA8L1	FALSE	FALSE	FALSE	FALSE	-0.232036950616201
TPBGL	FALSE	FALSE	FALSE	FALSE	-0.00493239239362708
FOXL3	FALSE	FALSE	FALSE	FALSE	NA
